Date,Open,Close,High,Low,Volume
2011-01-05,2700,3105,3105,2700,8037345
2011-01-06,3570,2835,3570,2700,25636295
2011-01-07,2895,2565,2975,2525,5633444
2011-01-10,2575,2520,2635,2520,2538701
2011-01-11,2540,2545,2830,2530,6173171
2011-01-12,2550,2505,2575,2505,1656772
2011-01-13,2540,2490,2545,2485,911974
2011-01-14,2520,2495,2545,2485,969100
2011-01-17,2535,2500,2690,2500,1505904
2011-01-18,2535,2500,2560,2495,641824
2011-01-19,2525,2480,2530,2480,566500
2011-01-20,2485,2455,2495,2455,723623
2011-01-21,2475,2430,2475,2425,487318
2011-01-24,2435,2400,2450,2395,440652
2011-01-25,2395,2380,2460,2375,362335
2011-01-26,2420,2425,2450,2370,784500
2011-01-27,2465,2390,2465,2390,273253
2011-01-28,2390,2400,2420,2390,163285
2011-01-31,2380,2380,2415,2360,344963
2011-02-01,2375,2390,2400,2375,100918
2011-02-07,2410,2400,2415,2380,157580
2011-02-08,2395,2420,2420,2390,270152
2011-02-09,2420,2395,2430,2395,289440
2011-02-10,2385,2390,2415,2375,200992
2011-02-11,2380,2350,2380,2350,341537
2011-02-14,2350,2325,2370,2315,239293
2011-02-15,2325,2310,2345,2300,208755
2011-02-16,2310,2300,2325,2295,119860
2011-02-17,2315,2290,2315,2290,123027
2011-02-18,2295,2335,2350,2295,48258
2011-02-21,2360,2335,2360,2325,34806
2011-02-22,2320,2320,2380,2320,63384
2011-02-23,2350,2315,2350,2315,38544
2011-02-24,2345,2320,2345,2315,73148
2011-02-25,2315,2325,2335,2315,32041
2011-02-28,2325,2330,2350,2315,48820
2011-03-02,2330,2325,2335,2315,50643
2011-03-03,2325,2340,2340,2320,54031
2011-03-04,2355,2345,2355,2330,36345
2011-03-07,2345,2345,2360,2330,42962
2011-03-08,2335,2370,2375,2335,101942
2011-03-09,2370,2370,2375,2350,36716
2011-03-10,2370,2350,2370,2340,45100
2011-03-11,2350,2360,2360,2335,54253
2011-03-14,2320,2340,2360,2320,108004
2011-03-15,2335,2315,2365,2315,113009
2011-03-16,2315,2345,2350,2315,53701
2011-03-17,2390,2380,2500,2360,532119
2011-03-18,2410,2435,2455,2400,216138
2011-03-21,2450,2455,2470,2415,196227
2011-03-22,2455,2455,2470,2420,61872
2011-03-23,2455,2410,2455,2410,76156
2011-03-24,2450,2405,2450,2400,40132
2011-03-25,2405,2395,2430,2395,76096
2011-03-28,2400,2375,2415,2370,115062
2011-03-29,2375,2465,2490,2370,245471
2011-03-30,2480,2470,2485,2450,185553
2011-03-31,2465,2470,2480,2440,36913
2011-04-01,2470,2510,2515,2455,109729
2011-04-04,2495,2465,2505,2445,35044
2011-04-05,2460,2425,2475,2415,74801
2011-04-06,2460,2470,2485,2410,111138
2011-04-07,2490,2475,2490,2415,64711
2011-04-08,2465,2465,2480,2435,81782
2011-04-11,2465,2485,2540,2465,135037
2011-04-12,2470,2505,2510,2460,93641
2011-04-13,2490,2530,2550,2490,119079
2011-04-14,2510,2485,2545,2485,70532
2011-04-15,2485,2465,2510,2455,43952
2011-04-18,2450,2420,2450,2400,166555
2011-04-19,2380,2395,2415,2380,57446
2011-04-20,2435,2395,2435,2380,34339
2011-04-21,2395,2395,2400,2375,54801
2011-04-22,2380,2380,2395,2350,52906
2011-04-25,2360,2370,2390,2325,75478
2011-04-26,2330,2340,2365,2330,70246
2011-04-27,2340,2340,2360,2325,62042
2011-04-28,2320,2340,2360,2320,27543
2011-04-29,2320,2320,2350,2310,34527
2011-05-02,2350,2330,2350,2315,15353
2011-05-03,2330,2330,2350,2310,8728
2011-05-04,2320,2340,2360,2315,27149
2011-05-06,2355,2350,2380,2315,53573
2011-05-09,2415,2385,2415,2360,30238
2011-05-11,2390,2330,2390,2330,4403
2011-05-12,2340,2400,2400,2325,48186
2011-05-13,2400,2345,2400,2340,13204
2011-05-16,2350,2355,2445,2345,20532
2011-05-17,2355,2350,2395,2330,16946
2011-05-18,2395,2365,2395,2335,11324
2011-05-19,2390,2350,2390,2340,62695
2011-05-20,2385,2360,2420,2360,67495
2011-05-23,2410,2390,2410,2370,22190
2011-05-24,2425,2390,2425,2340,23884
2011-05-25,2340,2385,2400,2340,18136
2011-05-26,2385,2330,2385,2320,17928
2011-05-27,2330,2330,2365,2325,11692
2011-05-30,2315,2295,2360,2290,131772
2011-05-31,2300,2315,2330,2295,11497
2011-06-01,2300,2320,2325,2300,2133
2011-06-02,2305,2265,2325,2255,108840
2011-06-03,2265,2260,2345,2260,18339
2011-06-07,2250,2290,2300,2250,15620
2011-06-08,2340,2270,2340,2260,21978
2011-06-09,2270,2285,2290,2255,16388
2011-06-10,2360,2305,2360,2275,1319
2011-06-13,2310,2275,2315,2250,10529
2011-06-14,2250,2245,2255,2210,20606
2011-06-15,2245,2230,2260,2205,9229
2011-06-16,2220,2240,2240,2205,34350
2011-06-17,2240,2250,2275,2240,11750
2011-06-20,2320,2210,2320,2210,14786
2011-06-21,2210,2210,2255,2210,4783
2011-06-22,2280,2230,2280,2220,7385
2011-06-23,2220,2200,2240,2195,88701
2011-06-24,2200,2200,2230,2195,80811
2011-06-27,2185,2180,2240,2180,9733
2011-06-28,2180,2170,2185,2155,48842
2011-06-29,2170,2180,2200,2160,40310
2011-06-30,2240,2195,2240,2155,35787
2011-07-01,2245,2180,2245,2150,15194
2011-07-04,2220,2220,2225,2180,17251
2011-07-05,2225,2230,2230,2180,11514
2011-07-06,2230,2245,2250,2200,29306
2011-07-07,2245,2270,2270,2245,5034
2011-07-08,2290,2275,2295,2255,10831
2011-07-11,2295,2270,2295,2250,7179
2011-07-12,2285,2270,2285,2200,3005
2011-07-13,2270,2260,2285,2205,12659
2011-07-14,2210,2260,2270,2210,14461
2011-07-15,2270,2255,2270,2205,8025
2011-07-18,2280,2240,2280,2210,12414
2011-07-19,2265,2250,2265,2225,12854
2011-07-20,2220,2235,2250,2210,8581
2011-07-21,2235,2245,2245,2210,14627
2011-07-22,2215,2245,2250,2215,14081
2011-07-25,2270,2255,2270,2240,2614
2011-07-26,2275,2265,2275,2250,2880
2011-07-27,2280,2265,2280,2230,10490
2011-07-28,2220,2255,2270,2220,12870
2011-07-29,2215,2255,2280,2215,34279
2011-08-01,2255,2270,2270,2235,7502
2011-08-02,2270,2285,2285,2235,10012
2011-08-03,2230,2275,2290,2225,29861
2011-08-04,2270,2235,2280,2235,33840
2011-08-05,2210,2235,2240,2180,95606
2011-08-08,2180,2140,2245,2120,73125
2011-08-09,2115,2080,2145,2050,177378
2011-08-10,2090,2100,2165,2075,104593
2011-08-11,2080,2150,2150,2080,18808
2011-08-12,2150,2115,2215,2115,59824
2011-08-16,2120,2145,2170,2120,24473
2011-08-17,2185,2200,2200,2150,60440
2011-08-18,2200,2165,2200,2155,38190
2011-08-19,2150,2150,2160,2100,74767
2011-08-22,2115,2135,2150,2100,43235
2011-08-23,2125,2155,2155,2125,40184
2011-08-24,2130,2180,2180,2130,40875
2011-08-25,2140,2175,2185,2140,8807
2011-08-26,2150,2160,2190,2150,17705
2011-08-29,2165,2175,2175,2150,4636
2011-08-30,2190,2170,2200,2170,7349
2011-08-31,2195,2190,2195,2170,9325
2011-09-01,2175,2185,2190,2175,3452
2011-09-02,2160,2185,2190,2160,16745
2011-09-05,2165,2180,2185,2150,5991
2011-09-06,2150,2175,2180,2150,19816
2011-09-07,2155,2165,2175,2155,12882
2011-09-08,2160,2170,2170,2155,15358
2011-09-09,2160,2170,2170,2155,5187
2011-09-14,2160,2170,2170,2145,20396
2011-09-15,2145,2160,2195,2145,8341
2011-09-16,2135,2165,2165,2135,5571
2011-09-19,2160,2160,2175,2145,5984
2011-09-20,2150,2150,2155,2150,13317
2011-09-21,2140,2145,2155,2140,11824
2011-09-22,2140,2130,2145,2125,6177
2011-09-23,2125,2160,2165,2115,11359
2011-09-26,2135,2130,2135,2100,21544
2011-09-27,2100,2100,2120,2100,15557
2011-09-28,2095,2120,2120,2095,5974
2011-09-29,2110,2115,2125,2110,9054
2011-09-30,2120,2115,2140,2110,22812
2011-10-04,2070,2105,2140,2070,15547
2011-10-05,2105,2135,2135,2105,18480
2011-10-06,2135,2130,2135,2125,23407
2011-10-07,2145,2145,2150,2125,15131
2011-10-10,2140,2155,2155,2140,24907
2011-10-11,2145,2165,2185,2145,2162
2011-10-12,2150,2160,2175,2130,57865
2011-10-13,2140,2180,2195,2140,81414
2011-10-14,2150,2190,2190,2145,6782
2011-10-17,2160,2180,2190,2160,10015
2011-10-18,2160,2190,2190,2160,21281
2011-10-19,2200,2195,2205,2165,36780
2011-10-20,2190,2205,2290,2190,48781
2011-10-21,2225,2250,2250,2200,34685
2011-10-24,2250,2260,2260,2225,80944
2011-10-25,2210,2245,2265,2210,20436
2011-10-26,2250,2265,2265,2250,41979
2011-10-27,2275,2285,2290,2275,29461
2011-10-28,2300,2295,2300,2270,3493
2011-10-31,2290,2295,2295,2260,15859
2011-11-01,2280,2295,2320,2280,41660
2011-11-02,2295,2295,2295,2280,25005
2011-11-03,2280,2295,2300,2280,4512
2011-11-04,2300,2285,2310,2285,7207
2011-11-07,2280,2300,2300,2280,21434
2011-11-08,2300,2300,2310,2290,15433
2011-11-09,2285,2290,2290,2275,13932
2011-11-10,2265,2285,2285,2265,12115
2011-11-11,2285,2285,2290,2285,1469
2011-11-14,2310,2285,2310,2265,7599
2011-11-15,2265,2290,2290,2265,2016
2011-11-16,2265,2285,2290,2265,3408
2011-11-17,2270,2285,2285,2265,6179
2011-11-18,2265,2280,2285,2265,14908
2011-11-21,2280,2340,2350,2270,39027
2011-11-22,2350,2330,2350,2295,4592
2011-11-23,2260,2305,2330,2260,5639
2011-11-24,2295,2320,2320,2295,5748
2011-11-25,2340,2310,2340,2300,2333
2011-11-28,2340,2325,2340,2295,104
2011-11-29,2300,2335,2340,2300,5925
2011-11-30,2300,2335,2350,2280,13412
2011-12-01,2285,2335,2335,2285,1372
2011-12-02,2290,2330,2330,2290,1265
2011-12-05,2300,2330,2330,2285,6403
2011-12-06,2330,2330,2330,2280,11282
2011-12-07,2330,2330,2330,2290,2382
2011-12-08,2290,2320,2330,2290,855
2011-12-09,2330,2300,2330,2290,2234
2011-12-12,2300,2300,2305,2300,6445
2011-12-13,2300,2305,2305,2260,3835
2011-12-14,2285,2305,2305,2280,4437
2011-12-15,2305,2300,2305,2300,74
2011-12-16,2290,2325,2350,2290,3023
2011-12-19,2340,2300,2340,2285,18477
2011-12-20,2290,2300,2315,2290,4565
2011-12-21,2300,2310,2315,2300,8901
2011-12-22,2285,2315,2320,2285,52875
2011-12-23,2350,2300,2350,2300,2187
2011-12-26,2340,2300,2340,2285,4537
2011-12-27,2285,2315,2315,2285,31838
2011-12-28,2315,2340,2340,2315,1011
2011-12-29,2335,2340,2340,2315,6086
2012-01-02,2285,2290,2325,2285,2240
2012-01-03,2290,2300,2300,2285,4446
2012-01-04,2300,2335,2340,2300,3002
2012-01-05,2300,2330,2335,2295,1077
2012-01-06,2295,2330,2335,2295,741
2012-01-09,2310,2310,2310,2310,3
2012-01-10,2310,2315,2315,2290,5074
2012-01-11,2295,2310,2310,2295,1610
2012-01-12,2310,2335,2335,2300,2433
2012-01-13,2295,2330,2340,2295,4626
2012-01-16,2270,2325,2325,2270,6072
2012-01-17,2290,2325,2325,2290,220946
2012-01-18,2290,2290,2320,2280,9269
2012-01-19,2290,2305,2305,2290,511
2012-01-20,2300,2290,2305,2290,37825
2012-01-25,2290,2295,2305,2290,41080
2012-01-26,2310,2300,2310,2290,26386
2012-01-27,2310,2310,2310,2290,7702
2012-01-30,2290,2325,2330,2290,1203
2012-01-31,2300,2310,2315,2300,1584
2012-02-01,2300,2300,2310,2290,38282
2012-02-02,2335,2295,2335,2295,4846
2012-02-03,2325,2310,2325,2295,7272
2012-02-06,2290,2305,2320,2290,103713
2012-02-07,2300,2300,2300,2290,55530
2012-02-08,2310,2305,2310,2290,24764
2012-02-09,2325,2300,2340,2300,9334
2012-02-10,2300,2305,2330,2300,9691
2012-02-13,2300,2315,2315,2300,1060
2012-02-14,2295,2310,2310,2295,403
2012-02-15,2300,2310,2310,2295,1910
2012-02-16,2310,2300,2330,2300,18120
2012-02-17,2300,2320,2320,2295,4322
2012-02-20,2320,2340,2340,2320,5509
2012-02-21,2340,2335,2340,2300,13145
2012-02-22,2335,2330,2335,2320,3644
2012-02-23,2330,2330,2330,2330,1221
2012-02-24,2300,2325,2375,2300,5870
2012-02-27,2320,2340,2350,2320,5465
2012-02-28,2350,2345,2350,2340,4624
2012-02-29,2335,2310,2350,2305,58087
2012-03-02,2310,2330,2345,2310,66091
2012-03-05,2355,2355,2355,2350,24231
2012-03-06,2345,2360,2360,2325,11634
2012-03-07,2380,2355,2380,2340,215
2012-03-08,2340,2350,2350,2340,142
2012-03-09,2335,2335,2345,2325,9111
2012-03-12,2350,2350,2355,2330,10053
2012-03-13,2350,2350,2370,2350,9580
2012-03-14,2365,2365,2365,2350,3067
2012-03-15,2380,2365,2380,2355,1522
2012-03-16,2325,2375,2375,2325,5469
2012-03-19,2375,2375,2380,2355,5168
2012-03-20,2375,2380,2380,2350,882
2012-03-21,2350,2375,2375,2350,805
2012-03-22,2375,2375,2375,2350,3002
2012-03-23,2375,2375,2375,2375,1
2012-03-26,2355,2350,2375,2350,24862
2012-03-27,2350,2380,2380,2350,13343
2012-03-28,2390,2390,2390,2385,30628
2012-03-29,2335,2395,2395,2335,51730
2012-03-30,2400,2405,2405,2380,49751
2012-04-02,2350,2395,2410,2350,19462
2012-04-03,2365,2395,2480,2355,26990
2012-04-04,2400,2370,2400,2370,2
2012-04-05,2370,2400,2415,2355,15278
2012-04-06,2400,2410,2410,2400,5856
2012-04-09,2435,2395,2435,2395,4330
2012-04-10,2370,2405,2405,2370,3301
2012-04-12,2405,2415,2415,2405,655
2012-04-13,2375,2420,2420,2375,2210
2012-04-16,2425,2425,2425,2425,5210
2012-04-17,2075,2425,2440,2075,5894
2012-04-18,2430,2430,2430,2385,111
2012-04-19,2430,2430,2430,2430,5
2012-04-20,2430,2430,2430,2380,3387
2012-04-23,2380,2430,2430,2380,2201
2012-04-24,2430,2425,2430,2370,2002
2012-04-25,2420,2425,2425,2375,159
2012-04-26,2430,2430,2430,2430,2
2012-04-27,2430,2430,2435,2330,16112
2012-04-30,2345,2410,2420,2345,53476
2012-05-02,2410,2420,2420,2410,7109
2012-05-03,2430,2425,2430,2425,2
2012-05-04,2425,2425,2425,2425,10
2012-05-07,2425,2430,2430,2410,113689
2012-05-08,2430,2430,2430,2420,11503
2012-05-09,2425,2425,2425,2415,5191
2012-05-10,2415,2425,2425,2415,23820
2012-05-11,2415,2415,2415,2415,3042
2012-05-14,2415,2415,2415,2415,5000
2012-05-15,2415,2425,2425,2415,17220
2012-05-16,2430,2430,2430,2415,5941
2012-05-17,2415,2425,2425,2415,7649
2012-05-18,2430,2420,2430,2400,163365
2012-05-21,2340,2400,2420,2340,14652
2012-05-22,2420,2415,2420,2400,7154
2012-05-23,2400,2410,2410,2400,682
2012-05-24,2405,2410,2410,2400,4330
2012-05-25,2405,2420,2420,2405,8157
2012-05-29,2385,2420,2430,2385,1321
2012-05-30,2400,2415,2420,2400,151
2012-05-31,2420,2415,2420,2415,7185
2012-06-01,2430,2420,2430,2415,12875
2012-06-04,2450,2420,2450,2400,82532
2012-06-05,2425,2405,2425,2405,14
2012-06-07,2420,2420,2425,2415,16112
2012-06-08,2420,2425,2425,2415,12948
2012-06-11,2415,2415,2415,2415,365
2012-06-12,2440,2415,2440,2415,1011
2012-06-13,2415,2420,2440,2415,478
2012-06-14,2415,2415,2440,2415,1029
2012-06-15,2415,2440,2440,2415,13657
2012-06-18,2440,2430,2440,2415,1723
2012-06-19,2415,2415,2435,2415,6615
2012-06-20,2415,2420,2435,2415,3466
2012-06-21,2420,2430,2430,2420,551
2012-06-22,2425,2420,2425,2420,4593
2012-06-25,2420,2420,2420,2420,4701
2012-06-26,2420,2420,2440,2420,24510
2012-06-27,2425,2445,2445,2420,34714
2012-06-28,2420,2440,2440,2420,3047
2012-06-29,2420,2435,2440,2420,3791
2012-07-02,2425,2420,2435,2420,3423
2012-07-03,2425,2420,2425,2420,6368
2012-07-04,2420,2425,2425,2420,2149
2012-07-05,2420,2420,2440,2415,2410
2012-07-06,2440,2430,2440,2420,12676
2012-07-09,2420,2420,2420,2420,5114
2012-07-10,2420,2420,2435,2420,3199
2012-07-11,2420,2415,2420,2415,2856
2012-07-12,2420,2420,2445,2415,3695
2012-07-13,2415,2420,2435,2415,315
2012-07-16,2420,2420,2420,2415,3413
2012-07-17,2415,2420,2450,2415,348
2012-07-18,2415,2420,2430,2415,5906
2012-07-19,2415,2420,2420,2415,327
2012-07-20,2360,2415,2450,2360,336
2012-07-23,2415,2420,2425,2415,9003
2012-07-24,2275,2420,2420,2275,5753
2012-07-25,2420,2420,2420,2415,771
2012-07-26,2420,2415,2420,2415,6396
2012-07-27,2415,2415,2420,2410,767
2012-07-30,2415,2415,2415,2415,1698
2012-07-31,2415,2430,2435,2415,4563
2012-08-01,2420,2420,2430,2420,804
2012-08-02,2420,2420,2420,2420,1007
2012-08-03,2425,2420,2425,2415,416
2012-08-06,2415,2420,2445,2415,1385
2012-08-07,2420,2420,2420,2415,3326
2012-08-08,2420,2420,2425,2420,623
2012-08-09,2420,2415,2425,2415,627
2012-08-10,2415,2415,2420,2415,798
2012-08-13,2445,2415,2445,2415,814
2012-08-14,2415,2415,2415,2415,6400
2012-08-16,2410,2410,2415,2410,1080
2012-08-17,2410,2410,2410,2410,52169
2012-08-20,2410,2415,2420,2410,72281
2012-08-21,2415,2410,2415,2410,8611
2012-08-22,2410,2420,2420,2410,3405
2012-08-23,2420,2420,2425,2420,1425
2012-08-24,2420,2425,2425,2420,626
2012-08-27,2425,2425,2425,2425,497
2012-08-28,2425,2425,2430,2420,14541
2012-08-29,2420,2425,2430,2420,41852
2012-08-30,2425,2420,2425,2420,12136
2012-08-31,2420,2420,2420,2420,4743
2012-09-03,2420,2420,2435,2420,32001
2012-09-04,2420,2420,2420,2420,9839
2012-09-05,2420,2420,2425,2420,1759
2012-09-06,2420,2420,2420,2420,720
2012-09-07,2420,2425,2425,2420,1077
2012-09-10,2425,2425,2435,2425,3081
2012-09-11,2425,2425,2430,2425,1319
2012-09-12,2425,2425,2445,2425,5680
2012-09-13,2425,2425,2425,2425,100
2012-09-14,2445,2435,2445,2425,4005
2012-09-17,2430,2430,2435,2430,1703
2012-09-18,2430,2430,2430,2430,791
2012-09-19,2435,2435,2440,2435,51943
2012-09-20,2435,2435,2440,2435,4576
2012-09-21,2435,2440,2445,2435,6790
2012-09-24,2445,2445,2450,2445,5699
2012-09-25,2445,2450,2450,2445,946
2012-09-26,2455,2455,2535,2455,1291
2012-09-27,2450,2450,2450,2450,471
2012-09-28,2450,2450,2455,2450,962
2012-10-02,2450,2455,2460,2450,791
2012-10-04,2450,2455,2460,2450,53969
2012-10-05,2460,2455,2460,2450,88684
2012-10-08,2450,2455,2460,2450,3992
2012-10-09,2450,2455,2460,2450,3432
2012-10-10,2450,2455,2460,2450,3304
2012-10-11,2450,2455,2465,2450,9889
2012-10-12,2450,2460,2460,2445,8840
2012-10-15,2605,2445,2605,2445,848
2012-10-16,2450,2445,2450,2445,1628
2012-10-17,2450,2450,2460,2450,40382
2012-10-18,2450,2450,2455,2450,2291
2012-10-19,2450,2450,2465,2450,14717
2012-10-22,2450,2450,2460,2450,763
2012-10-23,2450,2450,2455,2450,7932
2012-10-24,2450,2450,2455,2450,9976
2012-10-25,2450,2450,2455,2445,45306
2012-10-26,2450,2450,2450,2450,6334
2012-10-29,2455,2460,2475,2440,47060
2012-10-30,2450,2455,2455,2445,25135
2012-10-31,2450,2455,2455,2450,9598
2012-11-01,2450,2465,2465,2450,6839
2012-11-02,2450,2450,2455,2450,1169
2012-11-05,2450,2445,2450,2445,12762
2012-11-06,2445,2450,2455,2445,596
2012-11-07,2450,2450,2450,2450,2549
2012-11-08,2450,2450,2460,2450,2960
2012-11-09,2450,2460,2460,2450,174
2012-11-12,2450,2455,2470,2450,5706
2012-11-13,2455,2450,2455,2450,5408
2012-11-14,2455,2455,2480,2455,684
2012-11-15,2450,2485,2485,2450,16035
2012-11-16,2450,2480,2480,2450,367
2012-11-19,2450,2460,2480,2450,7376
2012-11-20,2470,2465,2470,2465,622
2012-11-21,2460,2455,2460,2430,26915
2012-11-22,2450,2455,2460,2450,5216
2012-11-23,2455,2455,2460,2455,10258
2012-11-26,2460,2460,2465,2460,2556
2012-11-27,2465,2460,2465,2460,9057
2012-11-28,2465,2465,2465,2460,6941
2012-11-29,2460,2465,2465,2460,56591
2012-11-30,2465,2465,2475,2465,2478
2012-12-03,2470,2465,2470,2465,7288
2012-12-04,2465,2465,2465,2465,5797
2012-12-05,2470,2470,2475,2470,173
2012-12-06,2465,2465,2470,2465,19899
2012-12-07,2465,2465,2475,2465,5576
2012-12-10,2465,2470,2475,2465,13150
2012-12-11,2465,2475,2475,2465,25675
2012-12-12,2470,2470,2475,2470,33448
2012-12-13,2470,2465,2480,2465,89305
2012-12-14,2465,2475,2480,2465,1067
2012-12-17,2470,2470,2475,2470,2507
2012-12-18,2475,2470,2480,2470,10276
2012-12-20,2470,2475,2480,2470,784
2012-12-21,2475,2475,2475,2475,2931
2012-12-24,2470,2470,2475,2465,204552
2012-12-26,2465,2470,2470,2465,369
2012-12-27,2465,2465,2485,2465,7686
2012-12-28,2465,2470,2470,2465,494
2013-01-02,2470,2470,2500,2465,92003
2013-01-03,2475,2485,2485,2475,7149
2013-01-04,2480,2490,2490,2480,288
2013-01-07,2470,2490,2490,2470,1762
2013-01-08,2475,2490,2490,2475,18520
2013-01-09,2480,2490,2500,2480,20088
2013-01-10,2485,2485,2500,2485,14017
2013-01-11,2485,2490,2490,2485,292
2013-01-14,2490,2495,2495,2490,1495
2013-01-15,2495,2495,2500,2495,2471
2013-01-16,2495,2495,2500,2495,2969
2013-01-17,2495,2495,2500,2495,499
2013-01-18,2495,2500,2505,2495,12816
2013-01-21,2500,2500,2500,2495,21689
2013-01-22,2500,2500,2505,2500,371
2013-01-23,2500,2500,2500,2500,473
2013-01-24,2500,2500,2500,2500,250
2013-01-25,2505,2500,2505,2500,2095
2013-01-28,2515,2505,2515,2505,542
2013-01-29,2510,2525,2525,2510,145
2013-01-30,2520,2520,2520,2520,1830
2013-01-31,2525,2525,2525,2525,2473
2013-02-01,2525,2525,2530,2520,2626
2013-02-04,2525,2530,2530,2525,200
2013-02-05,2535,2530,2535,2525,30576
2013-02-06,2530,2520,2540,2520,27258
2013-02-07,2520,2525,2530,2520,4165
2013-02-08,2525,2525,2530,2525,19411
2013-02-12,2530,2525,2530,2525,6141
2013-02-13,2540,2535,2540,2535,6959
2013-02-14,2535,2535,2535,2535,1333
2013-02-15,2535,2545,2550,2535,50959
2013-02-18,2580,2550,2580,2550,82721
2013-02-19,2555,2560,2565,2555,23050
2013-02-20,2570,2580,2580,2570,47042
2013-02-21,2585,2570,2585,2570,62898
2013-02-22,2585,2575,2585,2570,69987
2013-02-25,2575,2580,2580,2575,82951
2013-02-26,2580,2580,2580,2575,12045
2013-02-27,2580,2580,2585,2575,8395
2013-02-28,2580,2575,2580,2575,8878
2013-03-04,2575,2575,2575,2575,0
2013-03-05,2575,2570,2580,2570,8002
2013-03-06,2570,2575,2585,2570,1440
2013-03-07,2580,2580,2580,2580,2923
2013-03-08,2580,2585,2585,2405,15735
2013-03-11,2560,2585,2585,2560,921
2013-03-12,2585,2585,2585,2585,1932
2013-03-13,2575,2585,2585,2575,996
2013-03-14,2585,2585,2585,2580,8882
2013-03-15,2580,2585,2585,2580,4852
2013-03-18,2585,2585,2585,2585,5778
2013-03-19,2585,2585,2590,2580,56214
2013-03-20,2585,2585,2585,2585,11068
2013-03-21,2590,2580,2590,2580,1768
2013-03-22,2580,2595,2595,2580,26892
2013-03-25,2595,2590,2595,2585,19293
2013-03-26,2595,2595,2600,2590,17021
2013-03-27,2595,2600,2600,2595,6980
2013-03-28,2605,2610,2610,2595,6305
2013-03-29,2600,2610,2610,2600,11150
2013-04-01,2610,2600,2610,2600,5990
2013-04-02,2600,2610,2615,2600,32065
2013-04-03,2610,2610,2615,2610,57510
2013-04-04,2605,2600,2605,2600,4592
2013-04-05,2610,2600,2610,2600,43061
2013-04-08,2600,2600,2610,2590,75840
2013-04-09,2595,2600,2600,2595,16939
2013-04-10,2595,2600,2600,2595,6902
2013-04-11,2600,2595,2600,2595,51832
2013-04-12,2595,2595,2595,2595,61773
2013-04-15,2590,2590,2590,2590,401
2013-04-16,2595,2590,2595,2590,12709
2013-04-17,2600,2600,2600,2600,14200
2013-04-18,2600,2600,2600,2600,1
2013-04-19,2595,2600,2605,2595,6411
2013-04-22,2595,2605,2605,2595,42771
2013-04-23,2600,2600,2600,2600,10300
2013-04-24,2595,2595,2600,2595,17973
2013-04-25,2595,2600,2600,2595,19750
2013-04-26,2600,2595,2600,2595,22872
2013-04-29,2600,2600,2600,2600,8000
2013-04-30,2600,2595,2600,2595,10620
2013-05-02,2595,2600,2600,2595,59018
2013-05-03,2600,2600,2605,2600,158012
2013-05-06,2595,2605,2605,2595,26750
2013-05-07,2600,2600,2600,2600,8000
2013-05-08,2600,2600,2605,2600,24155
2013-05-09,2600,2615,2615,2600,15921
2013-05-10,2600,2600,2600,2600,7000
2013-05-13,2600,2600,2605,2600,4861
2013-05-14,2600,2610,2615,2600,26276
2013-05-15,2615,2615,2615,2610,5001
2013-05-16,2615,2615,2615,2605,47497
2013-05-20,2605,2605,2605,2605,21000
2013-05-21,2605,2615,2615,2605,553
2013-05-22,2610,2610,2610,2605,31520
2013-05-23,2605,2610,2610,2605,12001
2013-05-24,2610,2615,2615,2610,70681
2013-05-27,2620,2620,2620,2615,63046
2013-05-28,2615,2620,2625,2615,77609
2013-05-29,2625,2625,2630,2625,10182
2013-05-30,2625,2635,2640,2625,19070
2013-05-31,2640,2645,2650,2640,10935
2013-06-03,2640,2640,2640,2630,5071
2013-06-04,2650,2650,2650,2630,3697
2013-06-05,2640,2645,2650,2640,670
2013-06-07,2640,2645,2645,2635,14162
2013-06-10,2645,2640,2645,2640,9110
2013-06-11,2640,2640,2670,2640,57408
2013-06-12,2640,2635,2640,2635,64711
2013-06-13,2635,2640,2640,2635,39515
2013-06-14,2625,2650,2650,2625,7053
2013-06-17,2640,2640,2640,2640,28434
2013-06-18,2640,2640,2640,2640,1
2013-06-19,2635,2640,2640,2630,64587
2013-06-20,2630,2635,2640,2630,11547
2013-06-21,2630,2635,2635,2630,24508
2013-06-24,2635,2635,2640,2635,31704
2013-06-25,2635,2645,2645,2635,109828
2013-06-26,2645,2645,2650,2645,22088
2013-06-27,2650,2645,2655,2645,53998
2013-06-28,2645,2655,2655,2645,10154
2013-07-01,2655,2655,2655,2655,47029
2013-07-02,2655,2655,2655,2655,79910
2013-07-03,2655,2660,2660,2655,15011
2013-07-04,2660,2660,2665,2660,2352
2013-07-05,2665,2660,2670,2660,17520
2013-07-08,2660,2660,2665,2660,42273
2013-07-09,2665,2665,2665,2665,27500
2013-07-10,2660,2660,2665,2660,34000
2013-07-11,2660,2670,2670,2660,76613
2013-07-12,2660,2665,2665,2660,18500
2013-07-15,2660,2660,2660,2660,39286
2013-07-16,2660,2660,2660,2660,46880
2013-07-17,2665,2660,2665,2660,33889
2013-07-18,2660,2660,2665,2660,56491
2013-07-19,2665,2660,2665,2660,87455
2013-07-22,2665,2665,2665,2660,29661
2013-07-23,2665,2665,2665,2660,83100
2013-07-24,2665,2660,2665,2660,82072
2013-07-25,2660,2660,2660,2660,0
2013-07-26,2660,2660,2660,2660,0
2013-07-29,2660,2660,2660,2660,0
2013-07-30,2660,2660,2660,2660,0
2013-07-31,2660,2660,2660,2660,0
2013-08-01,2660,2660,2660,2660,0
2013-08-02,2660,2660,2660,2660,0
2013-08-05,2660,2660,2660,2660,0
2013-08-06,2660,2660,2660,2660,0
2013-08-07,2660,2660,2660,2660,0
2013-08-08,2660,2660,2660,2660,0
2013-08-09,2660,2660,2660,2660,0
2013-08-12,2660,2660,2660,2660,0
2013-08-13,2660,2660,2660,2660,0
2013-08-14,2660,2660,2660,2660,0
2013-08-16,2660,2660,2660,2660,0
2013-08-19,2660,2660,2660,2660,0
2013-08-20,2660,2660,2660,2660,0
2013-08-21,2660,2660,2660,2660,0
2013-08-22,2660,2660,2660,2660,0
2013-08-23,2660,2660,2660,2660,0
2013-08-26,2660,2660,2660,2660,0
2013-08-27,2660,2660,2660,2660,0
2013-08-28,2660,2660,2660,2660,0
2013-08-29,2660,2660,2660,2660,0
2013-08-30,2660,2660,2660,2660,0
2013-09-02,2660,2660,2660,2660,0
2013-09-03,2660,2660,2660,2660,0
2013-09-04,2660,2660,2660,2660,0
2013-09-05,2660,2660,2660,2660,0
2013-09-06,2660,2660,2660,2660,0
2013-09-09,2660,2660,2660,2660,0
2013-09-10,2660,2660,2660,2660,0
2013-09-11,2660,2660,2660,2660,0
2013-09-12,2660,2660,2660,2660,0
2013-09-13,2660,2660,2660,2660,0
2013-09-16,2660,2660,2660,2660,0
2013-09-17,2660,2660,2660,2660,0
2013-09-23,2660,2660,2660,2660,0
2013-09-24,2660,2660,2660,2660,0
2013-09-25,2660,2660,2660,2660,0
2013-09-26,2660,2660,2660,2660,0
2013-09-27,2800,2875,2875,2720,2216252
2013-09-30,2865,2880,2935,2850,608562
2013-10-01,2820,2845,2870,2810,473147
2013-10-02,2880,2750,2880,2730,299847
2013-10-04,2755,2785,2790,2735,146891
2013-10-07,2775,2750,2800,2745,181211
2013-10-08,2760,2750,2795,2730,172358
2013-10-10,2785,2750,2785,2730,95238
2013-10-11,2765,2745,2780,2730,91991
2013-10-14,2775,2740,2775,2720,20789
2013-10-15,2730,2730,2755,2700,170640
2013-10-16,2740,2710,2775,2705,97666
2013-10-17,2740,2740,2745,2710,103365
2013-10-18,2740,2735,2740,2710,55151
2013-10-21,2735,2730,2800,2725,90495
2013-10-22,2735,2730,2740,2720,62711
2013-10-23,2725,2715,2735,2715,67591
2013-10-24,2735,2775,2775,2710,132964
2013-10-25,2775,2750,2775,2715,265825
2013-10-28,2750,2750,2755,2715,170075
2013-10-29,2720,2750,2765,2720,36505
2013-10-30,2750,2790,2800,2735,104194
2013-10-31,2790,2770,2800,2755,64701
2013-11-01,2770,2865,2870,2770,155984
2013-11-04,2885,2825,2885,2820,67304
2013-11-05,2800,2770,2800,2735,201465
2013-11-06,2800,2750,2800,2745,53795
2013-11-07,2750,2730,2770,2730,152107
2013-11-08,2720,2755,2755,2710,357189
2013-11-11,2755,2745,2770,2720,187694
2013-11-12,2750,2750,2750,2720,285302
2013-11-13,2745,2760,2805,2730,147319
2013-11-14,2715,2770,2770,2715,65676
2013-11-15,2740,2760,2765,2730,28494
2013-11-18,2750,2715,2755,2700,67158
2013-11-19,2715,2700,2735,2670,16041
2013-11-20,2695,2700,2710,2645,40832
2013-11-21,2700,2600,2700,2560,120352
2013-11-22,2600,2640,2670,2540,79806
2013-11-25,2640,2685,2690,2610,90559
2013-11-26,2720,2650,2720,2620,57685
2013-11-27,2700,2705,2720,2670,157802
2013-11-28,2705,2705,2720,2695,211723
2013-11-29,2710,2710,2710,2670,216073
2013-12-02,2710,2685,2720,2670,186415
2013-12-03,2745,2700,2755,2665,109872
2013-12-04,2650,2710,2720,2590,149267
2013-12-05,2720,2935,3115,2715,383847
2013-12-06,2945,3130,3150,2915,220373
2013-12-09,3240,3085,3250,3050,169213
2013-12-10,3140,3020,3140,2755,40778
2013-12-11,3020,3030,3110,2940,74009
2013-12-12,3095,3070,3100,3005,80325
2013-12-13,3075,3070,3125,3015,24484
2013-12-16,3100,3055,3100,3020,15453
2013-12-17,3055,3030,3060,2995,50685
2013-12-18,3000,3060,3060,2865,95998
2013-12-19,3010,3045,3100,2990,53465
2013-12-20,2935,3080,3080,2935,38757
2013-12-23,3000,3170,3335,3000,65956
2013-12-24,3325,3180,3325,3150,54666
2013-12-26,3180,3180,3210,3110,38965
2013-12-27,3240,3275,3285,3185,39013
2013-12-30,3300,3400,3400,3220,114840
2014-01-02,3410,3440,3600,3410,148186
2014-01-03,3530,3460,3530,3400,53227
2014-01-06,3550,3350,3550,3275,97919
2014-01-07,3460,3540,3680,3160,131740
2014-01-08,3540,3520,3680,3430,63912
2014-01-09,3520,3400,3560,3350,98257
2014-01-10,3395,3215,3440,3215,43542
2014-01-13,3220,3400,3400,3215,40763
2014-01-14,3420,3390,3530,3320,37644
2014-01-15,3370,3375,3450,3270,108066
2014-01-16,3300,3300,3450,3280,147123
2014-01-17,3330,3490,3520,3270,140324
2014-01-20,3475,3550,3680,3420,122086
2014-01-21,3600,3480,3600,3305,49404
2014-01-22,3500,3465,3500,3400,72787
2014-01-23,3400,3455,3490,3400,127326
2014-01-24,3500,3420,3500,3410,51485
2014-01-27,3400,3300,3400,3210,90655
2014-01-28,3275,3285,3450,3265,29904
2014-01-29,3260,3415,3450,3260,77248
2014-02-03,3420,3350,3430,3350,73568
2014-02-04,3400,3290,3400,3200,38505
2014-02-05,3300,3300,3400,3255,60075
2014-02-06,3365,3335,3365,3245,60203
2014-02-07,3350,3465,3545,3265,116333
2014-02-10,3450,3520,3650,3430,204436
2014-02-11,3500,3500,3545,3465,61319
2014-02-12,3480,3495,3505,3380,208058
2014-02-13,3470,3750,3825,3415,545324
2014-02-14,3795,3815,3960,3760,452003
2014-02-17,3870,3830,3900,3775,216050
2014-02-18,3890,3935,4040,3800,827078
2014-02-19,3870,3960,4025,3840,496624
2014-02-20,4000,4000,4025,3860,608822
2014-02-21,4005,3980,4105,3940,600103
2014-02-24,4010,3870,4015,3790,498812
2014-02-25,3945,4035,4200,3905,1048026
2014-02-26,3950,4000,4020,3870,438318
2014-02-27,3965,4040,4160,3950,251301
2014-02-28,4040,4400,4570,4040,1282915
2014-03-03,4395,4725,4835,4295,1011228
2014-03-04,4750,4890,5410,4740,1247512
2014-03-05,4940,4900,5340,4700,1134329
2014-03-06,4950,5130,5220,4750,953346
2014-03-07,5130,5150,5240,5030,345879
2014-03-10,5200,5120,5290,5050,377995
2014-03-11,5190,5150,5290,5120,245075
2014-03-12,5160,4890,5160,4860,477444
2014-03-13,5290,4840,5350,4835,771767
2014-03-14,4815,4660,4815,4615,387067
2014-03-17,4730,4800,4940,4615,280944
2014-03-18,4800,4660,4910,4660,187408
2014-03-19,4630,4685,4880,4630,196945
2014-03-20,4710,5030,5180,4665,883458
2014-03-21,5050,5030,5060,4930,267656
2014-03-24,5030,5500,5780,4995,1636398
2014-03-25,5510,5220,5570,5220,557951
2014-03-26,5260,5030,5260,5000,360050
2014-03-27,5030,5310,5450,5010,638218
2014-03-28,5320,5620,5650,5250,407360
2014-03-31,5600,5530,5690,5250,384233
2014-04-01,5650,5650,5720,5460,277118
2014-04-02,5630,5630,5770,5480,227755
2014-04-03,5630,5410,5650,5410,201178
2014-04-04,5410,5300,5440,5180,325523
2014-04-07,5210,5120,5300,5070,244882
2014-04-08,5120,5250,5400,5120,263935
2014-04-09,5220,5250,5370,5050,233290
2014-04-10,5360,5190,5360,5170,132113
2014-04-11,5290,5280,5730,5210,899558
2014-04-14,5340,5190,5340,5160,162903
2014-04-15,5260,5210,5300,5170,166424
2014-04-16,5210,5280,5330,5160,169089
2014-04-17,5300,5340,5550,5290,317393
2014-04-18,5400,5280,5470,5220,142358
2014-04-21,5280,5200,5350,5170,132618
2014-04-22,5220,5190,5250,5120,73616
2014-04-23,5190,5260,5360,5190,83224
2014-04-24,5120,4950,5260,4575,424656
2014-04-25,5000,4955,5030,4890,106291
2014-04-28,4850,4870,4950,4810,155188
2014-04-29,4880,4845,4990,4770,88049
2014-04-30,4820,4850,4990,4815,194828
2014-05-02,4915,4910,4915,4750,105529
2014-05-07,4940,5030,5260,4830,188824
2014-05-08,5040,5010,5130,4950,120456
2014-05-09,5000,4980,5020,4850,122228
2014-05-12,5140,4985,5250,4985,124677
2014-05-13,5080,5050,5250,5020,167643
2014-05-14,5050,5050,5160,4980,97564
2014-05-15,5060,4930,5100,4925,118120
2014-05-16,4880,4705,4930,4680,296489
2014-05-19,4680,4750,4855,4605,123271
2014-05-20,4750,4550,4775,4505,105648
2014-05-21,4550,4725,4865,4550,89584
2014-05-22,4705,4870,4880,4705,64530
2014-05-23,4870,4820,4905,4815,33643
2014-05-26,4890,4815,4900,4815,42645
2014-05-27,4885,4780,4885,4780,74935
2014-05-28,4830,4780,4840,4740,24559
2014-05-29,4780,4675,4835,4665,52081
2014-05-30,4810,4940,5090,4805,307363
2014-06-02,4940,4630,4945,4615,152180
2014-06-03,4695,4500,4695,4320,136142
2014-06-05,4440,4220,4500,4220,61136
2014-06-09,4180,3755,4220,3750,395529
2014-06-10,3860,4185,4235,3830,349805
2014-06-11,4345,4650,4795,4115,481588
2014-06-12,4650,4575,4740,4410,320063
2014-06-13,4625,4970,5140,4580,773342
2014-06-16,4970,5070,5150,4885,252422
2014-06-17,5060,4970,5100,4965,133887
2014-06-18,4905,5000,5100,4750,185767
2014-06-19,5100,4920,5100,4830,87025
2014-06-20,4855,4900,4985,4765,74435
2014-06-23,4895,4695,4950,4695,56168
2014-06-24,4715,4740,4850,4675,42881
2014-06-25,4865,4720,4865,4630,42146
2014-06-26,4645,4685,4835,4645,59472
2014-06-27,4760,4510,4780,4455,546195
2014-06-30,4585,4465,4615,4455,192754
2014-07-01,4435,4430,4500,4390,142751
2014-07-02,4470,4425,4485,4390,149108
2014-07-03,4425,4340,4450,4325,131940
2014-07-04,4500,4505,4700,4430,363975
2014-07-07,4460,4590,4650,4350,316845
2014-07-08,4530,4800,4975,4500,712518
2014-07-09,4730,4590,4835,4550,335973
2014-07-10,4600,4480,4600,4450,182523
2014-07-11,4480,4495,4545,4450,75201
2014-07-14,4495,4500,4585,4350,180028
2014-07-15,4465,4465,4575,4450,117989
2014-07-16,4510,4375,4530,4355,118413
2014-07-17,4375,4195,4405,4150,257448
2014-07-18,4270,4190,4270,4165,96559
2014-07-21,4230,4130,4230,4070,159806
2014-07-22,4120,4195,4290,4115,85806
2014-07-23,4195,4165,4295,4160,131608
2014-07-24,4200,4095,4205,4095,145128
2014-07-25,4095,4070,4220,4070,56039
2014-07-28,4100,3980,4105,3960,108251
2014-07-29,3985,3825,4020,3760,199459
2014-07-30,3785,3800,3900,3730,141728
2014-07-31,3870,3690,3870,3605,119286
2014-08-01,3565,3930,3945,3565,103268
2014-08-04,4000,3880,4000,3880,91599
2014-08-05,3840,3835,3885,3750,72120
2014-08-06,3840,3830,3970,3790,173274
2014-08-07,3975,3700,3985,3630,165992
2014-08-08,3720,3640,3750,3510,87447
2014-08-11,3740,3500,3740,3440,184970
2014-08-12,3460,3420,3505,3360,113002
2014-08-13,3410,3405,3470,3365,70998
2014-08-14,3405,3460,3485,3380,77037
2014-08-18,2945,2945,3105,2945,1446541
2014-08-19,2920,2885,3000,2835,491072
2014-08-20,2955,2995,3010,2830,286850
2014-08-21,2965,3020,3070,2965,206190
2014-08-22,3025,2880,3025,2880,174833
2014-08-25,2880,2790,2880,2700,230465
2014-08-26,2830,2930,2930,2750,177539
2014-08-27,2930,2820,3010,2800,398410
2014-08-28,2835,3000,3010,2820,260678
2014-08-29,3010,2945,3010,2860,124297
2014-09-01,2920,2930,2940,2850,84188
2014-09-02,2970,2980,3000,2900,93443
2014-09-03,3010,2985,3070,2970,137035
2014-09-04,2970,2855,2970,2830,124370
2014-09-05,2900,2855,2930,2850,157340
2014-09-11,2845,2850,2870,2805,114440
2014-09-12,2955,2875,2955,2830,123687
2014-09-15,2845,2845,2875,2780,133838
2014-09-16,2845,2915,2915,2800,188067
2014-09-17,2930,2890,2930,2835,142991
2014-09-18,2870,3000,3040,2850,234115
2014-09-19,2970,3050,3080,2970,229770
2014-09-22,3060,2975,3090,2910,284318
2014-09-23,2945,2900,2985,2850,232636
2014-09-24,2860,2895,2900,2850,99392
2014-09-25,2895,2880,2910,2795,199847
2014-09-26,2815,2685,2850,2630,447153
2014-09-29,2695,2465,2695,2465,448783
2014-09-30,2465,2455,2500,2385,203475
2014-10-01,2470,2405,2470,2320,137191
2014-10-02,2355,2465,2545,2330,179542
2014-10-06,2465,2480,2530,2430,87816
2014-10-07,2480,2460,2500,2400,64099
2014-10-08,2430,2430,2490,2385,110314
2014-10-10,2485,2280,2485,2220,185499
2014-10-13,2280,2105,2305,2105,274185
2014-10-14,2110,2420,2420,2110,899105
2014-10-15,2575,2510,2635,2355,963787
2014-10-16,2480,2310,2495,2270,2082490
2014-10-17,2365,2380,2430,2280,969375
2014-10-20,2460,2400,2465,2360,822240
2014-10-21,2430,2685,2760,2400,3418810
2014-10-22,2685,2770,2875,2635,1710660
2014-10-23,2770,2965,2995,2730,1264196
2014-10-24,2955,2835,3020,2810,927183
2014-10-27,2850,2655,2915,2560,754503
2014-10-28,2690,2830,2950,2665,1179761
2014-10-29,2840,2835,2895,2750,436490
2014-10-30,2805,2715,2890,2715,358354
2014-10-31,2720,2790,2830,2710,247621
2014-11-03,2870,3160,3160,2785,1911040
2014-11-04,3120,3250,3425,3085,1662892
2014-11-05,3260,3050,3260,3015,706754
2014-11-06,3050,3160,3160,2855,914558
2014-11-07,3150,3170,3225,3070,570674
2014-11-10,3170,3085,3190,3035,403621
2014-11-11,3085,3040,3135,2995,593669
2014-11-12,3085,2855,3085,2855,794078
2014-11-13,2800,2945,2980,2640,1072042
2014-11-14,2920,2890,2995,2855,227871
2014-11-17,2880,2700,2890,2700,315450
2014-11-18,2710,2750,2790,2580,525418
2014-11-19,2820,2740,2830,2720,337785
2014-11-20,2740,2785,2785,2630,265845
2014-11-21,2770,2725,2805,2700,224389
2014-11-24,2770,2615,2775,2610,255168
2014-11-25,2645,2560,2650,2530,323977
2014-11-26,2565,2565,2680,2565,211778
2014-11-27,2565,2530,2620,2530,112452
2014-11-28,2520,2505,2555,2480,111701
2014-12-01,2520,2330,2535,2320,390715
2014-12-02,2210,2460,2540,2210,514552
2014-12-03,2435,2485,2535,2390,182902
2014-12-04,2500,2490,2525,2440,233868
2014-12-05,2520,2595,2595,2435,298118
2014-12-08,2620,2650,2895,2605,1104995
2014-12-09,2710,2690,2790,2620,556966
2014-12-10,2660,2740,2830,2620,429733
2014-12-11,2695,2680,2760,2655,223181
2014-12-12,2680,2530,2710,2500,316559
2014-12-15,2460,2905,2905,2390,990920
2014-12-16,3070,3340,3340,2930,4088970
2014-12-17,3500,3390,3690,3300,4730637
2014-12-18,3350,3150,3515,3030,2749733
2014-12-19,3140,3170,3240,3050,1555370
2014-12-22,3170,3045,3265,2980,1248828
2014-12-23,3020,2865,3180,2815,1151531
2014-12-24,2895,2990,3040,2805,841537
2014-12-26,2995,3115,3380,2995,3796409
2014-12-29,3100,3015,3175,2975,965571
2014-12-30,3075,3465,3465,3075,3036209
2015-01-02,3615,3530,3675,3425,3736018
2015-01-05,3535,3585,3625,3465,1897503
2015-01-06,3500,3350,3570,3340,1643355
2015-01-07,3365,3435,3435,3275,1184683
2015-01-08,3460,3620,3830,3370,4608208
2015-01-09,3630,3475,3850,3340,2153913
2015-01-12,3485,3630,3670,3415,1555710
2015-01-13,3630,3395,3705,3385,1468927
2015-01-14,3415,3480,3480,3300,974937
2015-01-15,3440,3420,3795,3360,4231380
2015-01-16,3500,3480,3585,3375,2638206
2015-01-19,3510,3400,3535,3370,931487
2015-01-20,3400,3245,3430,3175,1736947
2015-01-21,3215,3155,3305,3155,1063581
2015-01-22,3155,3005,3245,3005,1297237
2015-01-23,3055,2890,3140,2875,2186912
2015-01-26,2905,3195,3275,2860,3656072
2015-01-27,3175,3035,3240,3020,1123497
2015-01-28,3020,3130,3295,2970,1444765
2015-01-29,3135,3245,3265,3050,1106338
2015-01-30,3295,3130,3295,3115,592152
2015-02-02,3120,3010,3145,3010,505611
2015-02-03,3050,3060,3225,2890,1363494
2015-02-04,3070,3150,3175,3070,468235
2015-02-05,3145,3100,3165,3075,443807
2015-02-06,3120,3100,3200,3095,505619
2015-02-09,3140,2970,3140,2970,646857
2015-02-10,2930,2905,3010,2830,413900
2015-02-11,2940,2920,3010,2890,355706
2015-02-12,2980,3355,3355,2955,2969918
2015-02-13,3465,3390,3490,3270,3068395
2015-02-16,3375,3500,3750,3370,2880163
2015-02-17,3500,3420,3545,3395,823748
2015-02-23,3480,3440,3550,3380,636657
2015-02-24,3410,3425,3640,3370,1197269
2015-02-25,3425,3350,3485,3245,1055444
2015-02-26,3400,3375,3415,3310,633481
2015-02-27,3390,3480,3565,3390,1177378
2015-03-02,3505,3400,3520,3400,496659
2015-03-03,3410,3300,3435,3300,730676
2015-03-04,3275,3100,3340,3100,1291086
2015-03-05,3075,3135,3165,3040,728911
2015-03-06,3130,3140,3195,3110,451278
2015-03-09,3140,3040,3155,3020,537254
2015-03-10,3045,3030,3100,2990,533563
2015-03-11,2810,2895,2915,2770,1199290
2015-03-12,2900,2960,2980,2870,371964
2015-03-13,2960,2960,3040,2940,375792
2015-03-16,2980,2920,3015,2910,319114
2015-03-17,2930,2865,2975,2845,405423
2015-03-18,2875,2995,3120,2875,783226
2015-03-19,3065,2990,3070,2960,394632
2015-03-20,2995,2970,3005,2940,294022
2015-03-23,2995,2975,3080,2955,274684
2015-03-24,3000,2980,3055,2960,330694
2015-03-25,3005,2985,3055,2975,284135
2015-03-26,3005,2935,3010,2920,297775
2015-03-27,2920,2920,2975,2850,342603
2015-03-30,2940,2965,3065,2940,525333
2015-03-31,3005,3065,3090,2985,608603
2015-04-01,3095,3040,3095,3000,388572
2015-04-02,3040,2990,3070,2975,378361
2015-04-03,3005,3050,3100,2985,504368
2015-04-06,3080,3010,3080,2995,272042
2015-04-07,3020,3025,3060,2995,226741
2015-04-08,3045,3025,3090,2990,511313
2015-04-09,3060,3125,3210,3000,1174496
2015-04-10,3175,3245,3265,3085,970480
2015-04-13,3240,3160,3275,3150,593583
2015-04-14,3165,3070,3190,3050,559019
2015-04-15,3100,3125,3135,3065,321959
2015-04-16,3135,3035,3155,3030,547061
2015-04-17,3065,3075,3090,3020,272070
2015-04-20,3050,2990,3070,2985,433807
2015-04-21,3030,3045,3065,2985,421705
2015-04-22,3075,2885,3080,2600,751096
2015-04-23,2900,2820,2945,2700,430471
2015-04-24,2810,2785,2835,2750,235526
2015-04-27,2775,2785,2835,2735,208575
2015-04-28,2820,2680,2825,2680,359444
2015-04-29,2675,2720,2825,2640,239464
2015-04-30,2700,3125,3125,2670,2113852
2015-05-04,3055,2970,3125,2870,1015080
2015-05-06,2930,2875,2940,2830,442084
2015-05-07,2900,2790,2900,2735,330334
2015-05-08,2790,2845,3135,2760,964772
2015-05-11,2890,2890,2955,2860,236184
2015-05-12,2900,2795,2915,2775,311792
2015-05-13,2840,2840,2915,2780,267775
2015-05-14,2840,2815,2870,2815,115974
2015-05-15,2820,2810,2850,2800,142927
2015-05-18,2835,2670,2835,2670,300172
2015-05-19,2760,2700,2760,2670,118124
2015-05-20,2725,2650,2725,2650,203450
2015-05-21,2655,2690,2745,2650,311028
2015-05-22,2685,2680,2745,2655,163073
2015-05-26,2660,2640,2695,2640,165237
2015-05-27,2625,2575,2665,2530,232511
2015-05-28,2580,2540,2615,2540,137310
2015-05-29,2560,2600,2620,2520,187643
2015-06-01,2585,2465,2600,2440,369689
2015-06-02,2465,2340,2495,2320,254748
2015-06-03,2300,2280,2390,2265,199630
2015-06-04,2245,2400,2450,2180,366144
2015-06-05,2350,2450,2490,2345,160319
2015-06-08,2460,2435,2480,2400,119914
2015-06-09,2450,2420,2450,2395,73336
2015-06-10,2390,2400,2525,2390,174580
2015-06-11,2435,2520,2645,2420,307368
2015-06-12,2580,2390,2580,2375,219881
2015-06-15,2375,2300,2440,2285,130274
2015-06-16,2265,2360,2370,2265,101044
2015-06-17,2390,2380,2465,2340,127300
2015-06-18,2385,2350,2430,2335,96816
2015-06-19,2355,2450,2460,2355,141218
2015-06-22,2460,2505,2700,2435,528939
2015-06-23,2485,2505,2550,2470,131867
2015-06-24,2515,2505,2545,2470,122906
2015-06-25,2505,2510,2540,2495,139885
2015-06-26,2515,2460,2530,2460,150407
2015-06-29,2420,2395,2455,2385,130609
2015-06-30,2255,2395,2440,2255,108399
2015-07-01,2400,2390,2460,2380,106766
2015-07-02,2405,2430,2475,2390,69471
2015-07-03,2460,2435,2490,2405,91796
2015-07-06,2380,2390,2415,2320,192308
2015-07-07,2355,2290,2435,2265,221730
2015-07-08,2260,2355,2370,2260,151667
2015-07-09,2400,2435,2630,2360,465738
2015-07-10,2445,2395,2480,2375,174387
2015-07-13,2395,2440,2490,2380,122493
2015-07-14,2445,2520,2540,2430,278657
2015-07-15,2530,2540,2550,2440,197683
2015-07-16,2540,2570,2580,2500,217032
2015-07-17,2570,2515,2630,2495,133550
2015-07-20,2580,2580,2630,2540,254335
2015-07-21,2600,2555,2640,2530,101490
2015-07-22,2555,2500,2590,2450,208810
2015-07-23,2510,2535,2555,2460,143572
2015-07-24,2540,2485,2540,2480,100344
2015-07-27,2495,2595,2600,2405,198217
2015-07-28,2550,2490,2585,2470,171348
2015-07-29,2510,2460,2560,2460,120364
2015-07-30,2460,2370,2595,2365,260553
2015-07-31,2325,2450,2490,2325,110873
2015-08-03,2440,2465,2550,2425,134123
2015-08-04,2450,2470,2530,2450,70031
2015-08-05,2470,2425,2510,2400,173304
2015-08-06,2445,2440,2460,2405,72948
2015-08-07,2440,2445,2480,2425,93372
2015-08-10,2470,2400,2470,2390,92389
2015-08-11,2405,2365,2470,2355,128238
2015-08-12,2365,2320,2390,2300,150618
2015-08-13,2400,2315,2400,2305,66149
2015-08-17,2315,2330,2370,2300,85359
2015-08-18,2245,2110,2375,2110,366135
2015-08-19,2000,1995,2065,1910,398535
2015-08-20,2035,2040,2065,1985,177522
2015-08-21,1850,1905,2000,1850,296545
2015-08-24,1750,1880,1985,1750,122149
2015-08-25,1880,2000,2065,1880,210234
2015-08-26,1985,2055,2090,1975,108561
2015-08-27,2070,2235,2365,2060,314038
2015-08-28,2260,2245,2335,2210,119624
2015-08-31,2330,2365,2365,2240,208406
2015-09-01,2315,2275,2360,2275,159642
2015-09-02,2205,2280,2300,2200,60498
2015-09-03,2330,2330,2335,2275,119935
2015-09-04,2350,2450,2740,2320,1796614
2015-09-07,2520,2600,2770,2415,1441674
2015-09-08,2595,2575,2700,2515,559220
2015-09-09,2600,2645,2655,2550,480770
2015-09-10,2625,2600,2680,2560,275618
2015-09-11,2580,2545,2590,2460,285810
2015-09-14,2620,2400,2625,2370,286391
2015-09-15,2415,2405,2495,2375,188737
2015-09-16,2420,2415,2480,2405,119904
2015-09-17,2420,2420,2485,2410,183740
2015-09-18,2425,2465,2500,2420,117335
2015-09-21,2430,3200,3200,2430,8658376
2015-09-22,3450,3100,3670,2920,11714327
2015-09-23,3140,2840,3365,2830,3659226
2015-09-24,2990,3260,3570,2955,9214069
2015-09-25,3175,3100,3300,3040,1813275
2015-09-30,3050,2975,3160,2970,1135577
2015-10-01,2955,3060,3150,2900,1806120
2015-10-02,3040,3215,3230,2970,1661460
2015-10-05,3215,3110,3315,3110,1160090
2015-10-06,3160,3045,3185,3025,751022
2015-10-07,3055,3065,3285,3015,1394168
2015-10-08,3065,2970,3085,2925,728079
2015-10-12,3000,2910,3070,2905,379754
2015-10-13,2910,2955,3045,2910,480241
2015-10-14,2980,2920,3080,2920,532617
2015-10-15,2900,3080,3530,2850,4409475
2015-10-16,3080,2990,3120,2980,569108
2015-10-19,3025,2965,3055,2950,332122
2015-10-20,2965,2900,3015,2835,848722
2015-10-21,2900,2800,2920,2775,482204
2015-10-22,2800,2755,2840,2750,261698
2015-10-23,2770,2840,2865,2765,331091
2015-10-26,2885,2835,2885,2780,202771
2015-10-27,2865,3065,3220,2815,4267419
2015-10-28,3070,3030,3085,2960,886671
2015-10-29,3045,3070,3120,2990,650209
2015-10-30,3040,2920,3070,2900,548099
2015-11-02,2940,2845,2955,2825,333326
2015-11-03,2850,2775,2875,2775,339950
2015-11-04,2790,2800,2845,2780,232946
2015-11-05,2830,2800,2870,2795,211133
2015-11-06,2810,2750,2820,2750,284820
2015-11-09,2725,2610,2725,2610,362093
2015-11-10,2525,2430,2565,2400,518431
2015-11-11,2450,2445,2515,2430,209594
2015-11-12,2470,2545,2690,2455,379278
2015-11-13,2545,2465,2610,2450,169499
2015-11-16,2405,2310,2435,2310,269081
2015-11-17,2310,2285,2345,2220,335833
2015-11-18,2245,2265,2455,2245,440350
2015-11-19,2270,2315,2340,2270,119852
2015-11-20,2315,2360,2420,2315,164215
2015-11-23,2360,2365,2420,2320,88748
2015-11-24,2365,2300,2365,2280,199055
2015-11-25,2320,2305,2380,2290,141540
2015-11-26,2295,2320,2360,2295,147649
2015-11-27,2340,2420,2620,2315,713605
2015-11-30,2375,2350,2405,2335,149571
2015-12-01,2370,2360,2400,2310,101137
2015-12-02,2365,2325,2385,2320,139055
2015-12-03,2370,2445,2460,2300,180306
2015-12-04,2390,2355,2435,2350,117364
2015-12-07,2390,2355,2415,2350,70731
2015-12-08,2420,2330,2430,2330,162574
2015-12-09,2300,2305,2385,2290,137010
2015-12-10,2295,2340,2370,2260,114851
2015-12-11,2340,2355,2420,2330,89365
2015-12-14,2320,2275,2380,2235,180311
2015-12-15,2210,2280,2330,2210,69262
2015-12-16,2315,2285,2360,2275,69436
2015-12-17,2290,2350,2370,2290,98492
2015-12-18,2330,2390,2405,2315,157002
2015-12-21,2495,2400,2570,2370,404995
2015-12-22,2410,2370,2415,2370,96982
2015-12-23,2375,2385,2420,2360,101844
2015-12-24,2395,2395,2440,2375,111207
2015-12-28,2370,2280,2375,2250,420107
2015-12-29,2275,2305,2325,2265,91627
2015-12-30,2295,2325,2335,2290,83738
2016-01-04,2365,2300,2375,2300,97890
2016-01-05,2260,2285,2320,2260,102052
2016-01-06,2315,2265,2315,2235,156576
2016-01-07,2230,2215,2275,2175,191195
2016-01-08,2155,2180,2190,2030,175524
2016-01-11,2145,2165,2200,2135,47052
2016-01-12,2145,2160,2185,2140,60612
2016-01-13,2165,2235,2260,2165,62757
2016-01-14,2210,2240,2255,2140,135237
2016-01-15,2240,2170,2260,2135,77179
2016-01-18,2140,2170,2230,2100,76258
2016-01-19,2170,2205,2235,2150,81960
2016-01-20,2185,2055,2225,2000,217571
2016-01-21,2005,1990,2045,1930,183318
2016-01-22,1990,2015,2030,1990,99897
2016-01-25,2025,2075,2110,2000,75020
2016-01-26,2055,2050,2170,2000,189013
2016-01-27,2665,2665,2665,2665,566448
2016-01-28,3090,2825,3260,2715,13425773
2016-01-29,2900,2900,2990,2750,4497294
2016-02-01,2860,2645,2880,2645,2380000
2016-02-02,2605,2400,2645,2400,1617058
2016-02-03,2440,2415,2595,2410,2523205
2016-02-04,2415,2345,2460,2175,1002697
2016-02-05,2315,2290,2390,2245,577118
2016-02-11,2180,2105,2215,2105,621630
2016-02-12,2070,2070,2145,1995,551684
2016-02-15,2070,2145,2160,2025,348217
2016-02-16,2160,2190,2290,2125,436205
2016-02-17,2190,2130,2200,2120,257499
2016-02-18,2180,2180,2210,2155,207319
2016-02-19,2180,2250,2280,2180,388742
2016-02-22,2165,2235,2250,2155,509663
2016-02-23,2235,2310,2380,2200,417914
2016-02-24,2270,2350,2375,2270,411202
2016-02-25,2380,2295,2395,2285,280866
2016-02-26,2300,2355,2365,2255,245297
2016-02-29,2325,2290,2365,2290,163132
2016-03-02,2305,2330,2355,2300,199718
2016-03-03,2435,2330,2540,2325,1112850
2016-03-04,2340,2340,2405,2325,271282
2016-03-07,2380,2310,2380,2275,207879
2016-03-08,2310,2320,2335,2270,193327
2016-03-09,2325,2285,2345,2280,145740
2016-03-10,2320,2315,2320,2285,103225
2016-03-11,2325,2305,2325,2275,111667
2016-03-14,2310,2320,2365,2300,159181
2016-03-15,2330,2350,2450,2305,385925
2016-03-16,2360,2400,2430,2350,274568
2016-03-17,2450,2400,2470,2365,383775
2016-03-18,2420,2385,2425,2350,162584
2016-03-21,2385,2335,2415,2330,169067
2016-03-22,2350,2300,2360,2300,185732
2016-03-23,2300,2325,2330,2295,108053
2016-03-24,2315,2335,2365,2315,201932
2016-03-25,2365,2330,2385,2320,136641
2016-03-28,2315,2250,2335,2250,189956
2016-03-29,2250,2230,2255,2210,208443
2016-03-30,2245,2255,2265,2225,96756
2016-03-31,2250,2230,2270,2220,86631
2016-04-01,2260,2205,2265,2205,111705
2016-04-04,2215,2190,2250,2185,160214
2016-04-05,2185,2200,2215,2155,99124
2016-04-06,2215,2220,2240,2205,58730
2016-04-07,2250,2260,2290,2235,135613
2016-04-08,2230,2250,2285,2225,99232
2016-04-11,2250,2345,2430,2225,445783
2016-04-12,2435,2300,2465,2295,278513
2016-04-14,2330,2300,2350,2285,136381
2016-04-15,2300,2345,2370,2285,152801
2016-04-18,2325,2310,2345,2300,109192
2016-04-19,2330,2305,2330,2295,74039
2016-04-20,2320,2330,2330,2290,135484
2016-04-21,2330,2325,2365,2310,135757
2016-04-22,2335,2350,2350,2305,104173
2016-04-25,2350,2330,2360,2310,123746
2016-04-26,2330,2315,2330,2290,125462
2016-04-27,2325,2335,2410,2310,313854
2016-04-28,2340,2380,2400,2315,289641
2016-04-29,2385,2410,2430,2355,248866
2016-05-02,2410,2345,2520,2345,332162
2016-05-03,2340,2365,2370,2320,120758
2016-05-04,2365,2315,2370,2300,155618
2016-05-09,2315,2290,2335,2280,80017
2016-05-10,2300,2300,2310,2265,68352
2016-05-11,2300,2285,2315,2260,67572
2016-05-12,2300,2245,2300,2235,188189
2016-05-13,2270,2275,2300,2225,283834
2016-05-16,2250,2235,2285,2215,185447
2016-05-17,2265,2260,2275,2215,112023
2016-05-18,2230,2200,2255,2200,116834
2016-05-19,2225,2205,2235,2150,210510
2016-05-20,2200,2230,2230,2155,109118
2016-05-23,2230,2185,2250,2160,101147
2016-05-24,2200,2150,2215,2145,126177
2016-05-25,2175,2170,2190,2150,60722
2016-05-26,2170,2180,2220,2165,55976
2016-05-27,2205,2205,2215,2175,29378
2016-05-30,2225,2175,2230,2120,92575
2016-05-31,2210,2220,2230,2165,72063
2016-06-01,2230,2220,2245,2195,68038
2016-06-02,2225,2220,2240,2205,64737
2016-06-03,2220,2190,2235,2165,119822
2016-06-07,2210,2215,2215,2175,56109
2016-06-08,2165,2235,2260,2165,118460
2016-06-09,2220,2200,2245,2190,67335
2016-06-10,2200,2230,2230,2180,68111
2016-06-13,2230,2230,2260,2180,59923
2016-06-14,2210,2190,2215,2180,63775
2016-06-15,2160,2175,2195,2155,60284
2016-06-16,2190,2175,2195,2135,94377
2016-06-17,2180,2165,2200,2145,59961
2016-06-20,2170,2160,2185,2120,91319
2016-06-21,2160,2165,2200,2110,162789
2016-06-22,2185,2250,2280,2160,281910
2016-06-23,2270,2265,2275,2200,189013
2016-06-24,2300,2065,2425,2060,921121
2016-06-27,1945,2000,2055,1910,415615
2016-06-28,1975,2055,2160,1975,302626
2016-06-29,2085,2085,2125,2055,185143
2016-06-30,2100,2100,2135,2090,96078
2016-07-01,2100,2135,2180,2100,99680
2016-07-04,2160,2135,2160,2110,121903
2016-07-05,2115,2170,2200,2110,132968
2016-07-06,2160,2120,2190,2115,85263
2016-07-07,2115,2135,2165,2115,60502
2016-07-08,2135,2125,2150,2110,82809
2016-07-11,2130,2145,2165,2125,37644
2016-07-12,2150,2170,2170,2135,39996
2016-07-13,2225,2200,2225,2175,71465
2016-07-14,2210,2190,2210,2140,55348
2016-07-15,2190,2175,2235,2160,86031
2016-07-18,2225,2220,2265,2170,228866
2016-07-19,2230,2240,2300,2205,252079
2016-07-20,2235,2195,2255,2190,128686
2016-07-21,2205,2610,2850,2205,19364025
2016-07-22,2750,2590,2985,2495,9340523
2016-07-25,2500,2460,2655,2445,2849853
2016-07-26,2530,2800,3180,2500,30284763
2016-07-27,2770,2720,2880,2650,6082604
2016-07-28,2720,2870,3285,2680,26005256
2016-07-29,2910,2820,2975,2795,4941830
2016-08-01,3000,2965,3185,2890,13468617
2016-08-02,2890,2705,2900,2685,3666640
2016-08-03,2745,2680,2765,2660,2199009
2016-08-04,2650,2610,2705,2590,2490921
2016-08-05,2610,2525,2650,2515,1833260
2016-08-08,2570,2525,2635,2490,1891492
2016-08-09,2520,2490,2545,2460,1195166
2016-08-10,2540,2515,2640,2510,2507242
2016-08-11,2510,2425,2530,2400,1147422
2016-08-12,2425,2430,2510,2425,884938
2016-08-16,2460,2425,2490,2415,538067
2016-08-17,2450,2455,2585,2425,1705213
2016-08-18,2470,2445,2530,2420,690794
2016-08-19,2445,2485,2520,2415,883233
2016-08-22,2490,2595,2620,2460,1759458
2016-08-23,2595,2470,2630,2470,1149055
2016-08-24,2455,2370,2490,2325,671071
2016-08-25,2380,2345,2450,2335,489572
2016-08-26,2345,2275,2370,2270,465314
2016-08-29,2270,2210,2275,2200,443170
2016-08-30,2220,2240,2280,2220,227592
2016-08-31,2230,2250,2305,2220,360114
2016-09-01,2255,2270,2295,2210,266644
2016-09-02,2260,2310,2315,2235,190563
2016-09-05,2335,2310,2395,2255,474546
2016-09-06,2315,2290,2335,2280,122006
2016-09-07,2290,2215,2290,2205,370068
2016-09-08,2210,2150,2235,2100,497111
2016-09-09,2150,2140,2205,2110,357305
2016-09-12,2100,2110,2195,2095,262373
2016-09-13,2120,2145,2150,2100,96138
2016-09-19,2150,2190,2190,2130,200435
2016-09-20,2165,2190,2205,2165,117858
2016-09-21,2185,2220,2230,2180,171488
2016-09-22,2225,2220,2240,2200,169820
2016-09-23,2225,2250,2275,2190,453237
2016-09-26,2260,2240,2275,2215,220323
2016-09-27,2225,2250,2265,2195,306007
2016-09-28,2250,2230,2250,2205,206545
2016-09-29,2240,2235,2265,2215,192883
2016-09-30,2240,2195,2245,2180,246422
2016-10-04,2190,2205,2225,2190,89924
2016-10-05,2205,2235,2240,2200,130655
2016-10-06,2250,2210,2255,2205,141855
2016-10-07,2220,2235,2260,2210,219926
2016-10-10,2240,2250,2255,2195,152345
2016-10-11,2255,2215,2265,2195,209589
2016-10-12,2195,2170,2215,2155,203522
2016-10-13,2185,2395,2620,2185,13500516
2016-10-14,2500,2305,2530,2300,2976898
2016-10-17,2340,2420,2500,2310,2974541
2016-10-18,2375,2345,2470,2325,1107330
2016-10-19,2360,2280,2380,2255,954129
2016-10-20,2275,2195,2330,2195,759534
2016-10-21,2200,2190,2225,2180,341155
2016-10-24,2185,2135,2200,2110,433693
2016-10-25,2150,2135,2165,2105,297933
2016-10-26,2160,2025,2160,2000,511240
2016-10-27,2040,2095,2095,2040,174484
2016-10-28,2090,2095,2130,2070,246383
2016-10-31,2065,2015,2085,2010,228028
2016-11-01,2010,2080,2100,2010,206651
2016-11-02,2035,2035,2070,2020,179226
2016-11-03,2000,2055,2195,2000,306306
2016-11-04,2030,2070,2080,2030,87220
2016-11-07,2070,2100,2120,2065,87879
2016-11-08,2100,2135,2135,2100,166476
2016-11-09,2135,2030,2145,1945,352456
2016-11-10,2050,2090,2115,2045,157937
2016-11-11,2090,2080,2110,2065,127536
2016-11-14,2095,2115,2130,2070,168800
2016-11-15,2120,2120,2150,2100,89585
2016-11-16,2125,2155,2170,2125,132570
2016-11-17,2160,2150,2170,2120,84393
2016-11-18,2165,2105,2165,2075,169945
2016-11-21,2090,2025,2100,2020,155031
2016-11-22,2050,2060,2075,2025,86982
2016-11-23,2060,2025,2060,2000,133908
2016-11-24,2000,1990,2040,1960,240373
2016-11-25,1960,1975,1995,1945,158430
2016-11-28,1980,2015,2030,1980,91876
2016-11-29,2025,1990,2035,1980,63484
2016-11-30,1980,1980,2010,1975,89854
2016-12-01,1990,1940,2010,1930,182109
2016-12-02,1960,1935,1965,1915,80787
2016-12-05,1900,1905,1955,1900,149687
2016-12-06,1925,1940,1985,1925,87803
2016-12-07,1920,1935,1975,1920,53830
2016-12-08,1950,1960,1980,1945,66940
2016-12-09,1925,1980,1995,1925,117622
2016-12-12,1995,1990,2015,1960,80834
2016-12-13,1990,2020,2045,1990,63881
2016-12-14,2035,2030,2060,2010,76599
2016-12-15,2015,2045,2055,2010,76629
2016-12-16,2055,2020,2060,2000,140486
2016-12-19,2030,2015,2065,2010,170260
2016-12-20,2035,2045,2060,2015,206200
2016-12-21,2055,2040,2065,2035,96988
2016-12-22,2060,2030,2060,2005,57543
2016-12-23,2045,2020,2045,2005,85293
2016-12-26,2045,2035,2050,2020,51679
2016-12-27,2020,2025,2045,2015,77405
2016-12-28,2030,2105,2115,2025,398518
2016-12-29,2100,2040,2120,2040,305580
2017-01-02,2050,2090,2095,2050,145926
2017-01-03,2105,2160,2170,2090,397513
2017-01-04,2150,2150,2185,2140,216983
2017-01-05,2180,2180,2180,2125,166560
2017-01-06,2180,2180,2210,2165,142146
2017-01-09,2185,2215,2420,2185,2775696
2017-01-10,2240,2145,2245,2125,401826
2017-01-11,2175,2140,2200,2135,222728
2017-01-12,2135,2120,2160,2100,188166
2017-01-13,2110,2115,2160,2110,102006
2017-01-16,2120,2135,2170,2110,132191
2017-01-17,2120,2120,2160,2110,145098
2017-01-18,2120,2105,2145,2090,99708
2017-01-19,2105,2090,2125,2080,151543
2017-01-20,2090,2060,2095,2050,207166
2017-01-23,2055,2025,2080,2020,208753
2017-01-24,2115,2065,2240,2050,1640910
2017-01-25,2450,2680,2680,2365,6735266
2017-01-26,3035,2395,3080,2375,20751649
2017-01-31,2495,2380,2535,2310,6079987
2017-02-01,2395,2310,2430,2305,2560219
2017-02-02,2260,2190,2265,2160,1975736
2017-02-03,2190,2195,2270,2180,1519335
2017-02-06,2165,2165,2250,2150,969758
2017-02-07,2190,2165,2255,2160,945426
2017-02-08,2175,2225,2225,2150,710858
2017-02-09,2225,2200,2255,2185,576320
2017-02-10,2215,2140,2220,2120,640386
2017-02-13,2145,2190,2190,2125,349993
2017-02-14,2200,2160,2200,2150,400482
2017-02-15,2160,2175,2190,2155,290758
2017-02-16,2175,2185,2190,2160,222034
2017-02-17,2195,2240,2375,2185,7602294
2017-02-20,2245,2290,2345,2225,2111742
2017-02-21,2305,2235,2320,2215,1188556
2017-02-22,2230,2200,2280,2200,603606
2017-02-23,2185,2160,2210,2155,506546
2017-02-24,2165,2175,2195,2150,272075
2017-02-27,2180,2185,2235,2155,360985
2017-02-28,2170,2185,2205,2165,252718
2017-03-02,2185,2225,2240,2185,338373
2017-03-03,2220,2150,2220,2130,441223
2017-03-06,2140,2115,2145,2095,293295
2017-03-07,2130,2120,2160,2085,300317
2017-03-08,2115,2120,2145,2090,199980
2017-03-09,2115,2120,2155,2100,240021
2017-03-10,2135,2130,2140,2090,222145
2017-03-13,2125,2195,2195,2125,291287
2017-03-14,2195,2195,2210,2160,334521
2017-03-15,2210,2220,2260,2180,865206
2017-03-16,2220,2265,2275,2200,481623
2017-03-17,2265,2240,2280,2220,248846
2017-03-20,2225,2180,2230,2170,305161
2017-03-21,2175,2210,2230,2175,214867
2017-03-22,2205,2190,2225,2180,165535
2017-03-23,2200,2155,2215,2155,273856
2017-03-24,2165,2175,2195,2135,187434
2017-03-27,2175,2245,2390,2175,2349199
2017-03-28,2235,2210,2245,2185,541685
2017-03-29,2225,2260,2360,2190,2345454
2017-03-30,2250,2295,2340,2240,1033580
2017-03-31,2315,2270,2315,2225,458740
2017-04-03,2250,2285,2285,2240,296494
2017-04-04,2320,2395,2825,2250,16594793
2017-04-05,2410,3110,3110,2370,21754428
2017-04-06,3395,3145,3395,2975,23398934
2017-04-07,3100,3145,3180,3035,9929548
2017-04-10,3075,2955,3095,2775,7364925
2017-04-11,3080,2850,3100,2715,6909214
2017-04-12,2820,2915,2935,2750,4016335
2017-04-13,2870,2700,2935,2680,3164225
2017-04-14,2680,2630,2725,2565,2532693
2017-04-17,2650,2650,2730,2610,2371325
2017-04-18,2710,2770,2890,2670,7284413
2017-04-19,2745,2670,2765,2630,2075458
2017-04-20,2745,2775,2860,2700,4173441
2017-04-21,2810,2725,2930,2725,5051081
2017-04-24,2700,2505,2715,2470,2324301
2017-04-25,2530,2485,2570,2475,1402281
2017-04-26,2535,2485,2595,2485,1824343
2017-04-27,2500,2490,2530,2445,1134135
2017-04-28,2510,2455,2520,2450,589299
2017-05-02,2440,2410,2485,2410,601520
2017-05-04,2405,2500,2510,2405,728061
2017-05-08,2520,2470,2520,2460,536214
2017-05-10,2475,2545,2565,2455,1160002
2017-05-11,2545,2565,2615,2510,1352789
2017-05-12,2560,2550,2565,2520,462670
2017-05-15,2565,2575,2600,2545,426100
2017-05-16,2575,2505,2580,2500,440671
2017-05-17,2540,2520,2540,2475,524787
2017-05-18,2470,2560,2580,2470,568055
2017-05-19,2560,2650,2725,2550,3036150
2017-05-22,2645,2655,2690,2610,659278
2017-05-23,2685,2615,2685,2615,681707
2017-05-24,2615,2680,2690,2610,981673
2017-05-25,2670,2550,2720,2520,1399542
2017-05-26,2550,2575,2620,2515,557931
2017-05-29,2575,2675,2685,2565,1203713
2017-05-30,2660,2800,2830,2625,4301769
2017-05-31,2800,2740,2810,2715,1118267
2017-06-01,2825,2715,2935,2715,4656290
2017-06-02,2770,2695,2790,2690,963297
2017-06-05,2710,2645,2710,2640,773395
2017-06-07,2640,2740,2740,2640,782707
2017-06-08,2710,2690,2765,2655,668531
2017-06-09,2705,2730,2740,2645,562531
2017-06-12,2740,2680,2750,2665,396515
2017-06-13,2680,2690,2710,2660,345991
2017-06-14,2705,2625,2735,2605,631230
2017-06-15,2590,2610,2640,2560,493985
2017-06-16,2615,2640,2685,2575,653626
2017-06-19,2670,2645,2690,2630,278566
2017-06-20,2660,2580,2665,2580,451298
2017-06-21,2590,2510,2590,2505,529246
2017-06-22,2485,2605,2725,2485,1592353
2017-06-23,2605,2625,2655,2595,293189
2017-06-26,2625,2595,2685,2590,402369
2017-06-27,2610,2615,2635,2595,181668
2017-06-28,2615,2595,2630,2575,243919
2017-06-29,2590,2670,2670,2575,357128
2017-06-30,2725,2625,2770,2620,1232171
2017-07-03,2640,2705,2730,2625,512774
2017-07-04,2705,2705,2835,2665,2274482
2017-07-05,2710,2765,2825,2710,1097370
2017-07-06,2805,2820,2870,2760,1465030
2017-07-07,2790,2795,2845,2775,553031
2017-07-10,2815,2700,2830,2690,633848
2017-07-11,2675,2735,2740,2665,404693
2017-07-12,2725,2695,2765,2690,254552
2017-07-13,2695,2735,2750,2695,184650
2017-07-14,2750,2805,2810,2715,631172
2017-07-17,2825,2785,2885,2770,1290447
2017-07-18,2795,2860,2860,2735,993749
2017-07-19,2870,2835,2950,2820,2475778
2017-07-20,2880,2845,2895,2825,873050
2017-07-21,2845,2770,2855,2755,709932
2017-07-24,2790,2865,2865,2755,799756
2017-07-25,2875,2910,2930,2810,1748984
2017-07-26,2910,2830,2935,2805,988560
2017-07-27,2880,2605,2885,2535,2842313
2017-07-28,2580,2500,2735,2440,3384256
2017-07-31,2505,2395,2510,2330,1528788
2017-08-01,2395,2520,2770,2350,3835535
2017-08-02,2500,2550,2710,2480,2027744
2017-08-03,2580,2485,2580,2440,846273
2017-08-04,2495,2440,2565,2440,939075
2017-08-07,2425,2435,2475,2425,256778
2017-08-08,2430,2370,2445,2365,445779
2017-08-09,2355,2350,2415,2345,401393
2017-08-10,2360,2310,2380,2310,339515
2017-08-11,2300,2240,2305,2200,519735
2017-08-14,2245,2240,2270,2240,239110
2017-08-16,2245,2270,2300,2240,119254
2017-08-17,2280,2310,2325,2280,153956
2017-08-18,2280,2270,2300,2255,193873
2017-08-21,2270,2270,2310,2270,130837
2017-08-22,2295,2295,2330,2265,195927
2017-08-23,2295,2265,2315,2265,134497
2017-08-24,2315,2290,2315,2280,109341
2017-08-25,2325,2370,2380,2325,326171
2017-08-28,2385,2345,2385,2340,125377
2017-08-29,2310,2310,2345,2290,174139
2017-08-30,2310,2300,2330,2290,181295
2017-08-31,2295,2290,2315,2270,166941
2017-09-01,2280,2320,2325,2280,147724
2017-09-04,2250,2280,2310,2225,184337
2017-09-05,2290,2250,2325,2240,195564
2017-09-06,2245,2265,2290,2245,125989
2017-09-07,2260,2270,2290,2250,151255
2017-09-08,2275,2175,2275,2150,358515
2017-09-11,2190,2200,2210,2150,146567
2017-09-12,2190,2200,2230,2190,121221
2017-09-13,2225,2195,2225,2170,149959
2017-09-14,2215,2190,2215,2155,154330
2017-09-15,2190,2200,2215,2185,125200
2017-09-18,2215,2260,2270,2200,167899
2017-09-19,2240,2260,2265,2220,100713
2017-09-20,2240,2215,2260,2210,141310
2017-09-21,2180,2145,2210,2145,245701
2017-09-22,2130,2075,2155,2075,245499
2017-09-25,2050,2055,2115,2030,166709
2017-09-26,2030,2065,2085,2030,64882
2017-09-27,2065,2080,2090,2060,66860
2017-09-28,2080,2080,2105,2065,67853
2017-09-29,2080,2065,2105,2050,52336
2017-10-10,2115,2085,2115,2070,36074
2017-10-11,2060,2090,2100,2055,58540
2017-10-12,2090,2115,2135,2070,58939
2017-10-13,2145,2110,2145,2090,75485
2017-10-16,2100,2080,2115,2030,128685
2017-10-17,2095,2060,2095,2055,110691
2017-10-18,2060,2020,2085,2020,135948
2017-10-19,2005,2030,2070,2005,128972
2017-10-20,2015,2070,2070,2015,63970
2017-10-23,2060,2060,2085,2040,70492
2017-10-24,2080,2080,2100,2040,101521
2017-10-25,2070,2150,2175,2070,261961
2017-10-26,2180,2165,2290,2140,955801
2017-10-27,2155,2150,2220,2120,105482
2017-10-30,2175,2125,2180,2125,92029
2017-10-31,2110,2150,2155,2105,89311
2017-11-01,2160,2120,2175,2115,122014
2017-11-02,2120,2125,2155,2120,55076
2017-11-03,2120,2140,2145,2090,105799
2017-11-06,2130,2190,2220,2130,269116
2017-11-07,2170,2175,2200,2155,64000
2017-11-08,2185,2130,2195,2115,92496
2017-11-09,2110,2130,2155,2110,102254
2017-11-10,2155,2165,2195,2130,100923
2017-11-13,2155,2180,2205,2145,127571
2017-11-14,2175,2210,2230,2170,175236
2017-11-15,2245,2165,2245,2160,250303
2017-11-16,2175,2155,2185,2140,105467
2017-11-17,2150,2150,2200,2130,249622
2017-11-20,2160,2185,2200,2125,196433
2017-11-21,2200,2195,2210,2145,203083
2017-11-22,2195,2180,2220,2175,187347
2017-11-23,2255,2230,2330,2230,616068
2017-11-24,2255,2315,2325,2215,334051
2017-11-27,2335,2295,2345,2265,244872
2017-11-28,2295,2280,2300,2210,211598
2017-11-29,2265,2260,2290,2210,166863
2017-11-30,2260,2225,2265,2220,103832
2017-12-01,2230,2260,2315,2200,180888
2017-12-04,2260,2285,2310,2255,190647
2017-12-05,2290,2300,2325,2255,188357
2017-12-06,2320,2370,2420,2290,729709
2017-12-07,2380,3080,3080,2380,25139349
2017-12-08,2805,2820,2930,2635,8690676
2017-12-11,3000,2850,3140,2580,20528809
2017-12-12,2740,2660,2840,2555,5757492
2017-12-13,2680,3210,3450,2660,38902167
2017-12-14,3110,3210,3250,3085,11125112
2017-12-15,3440,3025,3555,3025,13521003
2017-12-18,3100,3440,3585,3100,21312298
2017-12-19,3330,2990,3355,2900,6541802
2017-12-20,3110,2830,3240,2770,6260998
2017-12-21,2835,2710,2965,2685,4693891
2017-12-22,2710,2710,2925,2615,4961272
2017-12-26,2730,2610,2810,2605,1973700
2017-12-27,2650,2645,2680,2560,1745726
2017-12-28,2635,2800,3200,2610,16101025
2018-01-02,2830,2935,2965,2760,3585494
2018-01-03,2980,3065,3140,2950,4907008
2018-01-04,3125,3045,3250,3035,4563104
2018-01-05,3145,3080,3200,3020,1845650
2018-01-08,3140,3170,3225,3115,2341569
2018-01-09,3190,2970,3200,2970,1780041
2018-01-10,3035,3155,3185,2970,2115858
2018-01-11,2990,2640,3040,2430,3844037
2018-01-12,2705,2575,2760,2520,2220826
2018-01-15,2750,2775,2815,2660,2686301
2018-01-16,2740,2700,2785,2660,1120148
2018-01-17,2690,2765,2955,2610,4281657
2018-01-18,2820,2930,2970,2765,3348478
2018-01-19,2975,2895,3030,2840,1618687
2018-01-22,2920,2875,2990,2800,785933
2018-01-23,2930,2970,3070,2870,2192681
2018-01-24,3045,2920,3055,2900,2012199
2018-01-25,2960,2950,2985,2900,1007698
2018-01-26,2975,3040,3145,2935,3061048
2018-01-29,3090,3000,3130,2975,1404689
2018-01-30,2975,2995,3040,2950,1265628
2018-01-31,3010,3010,3090,2985,2344731
2018-02-01,3040,2920,3050,2905,1241928
2018-02-02,2925,2790,2980,2755,1046659
2018-02-05,2730,2710,2770,2650,912326
2018-02-06,2635,2690,2720,2545,734451
2018-02-07,2710,2665,2785,2650,620384
2018-02-08,2680,2750,2790,2640,418537
2018-02-09,2630,2670,2725,2625,387692
2018-02-12,2735,2645,2735,2635,397358
2018-02-13,2665,2695,2805,2655,621282
2018-02-14,2700,2665,2740,2595,565707
2018-02-19,2705,2695,2730,2670,347610
2018-02-20,2710,2790,2825,2695,798422
2018-02-21,2845,2850,2925,2810,1007198
2018-02-22,2875,2880,2945,2805,1052516
2018-02-23,2930,2850,2975,2835,951112
2018-02-26,2850,2830,2920,2830,402260
2018-02-27,2855,2975,3005,2810,1482364
2018-02-28,3090,2800,3130,2785,4623838
2018-03-02,2765,2645,2870,2620,2342085
2018-03-05,2620,2590,2650,2535,915218
2018-03-06,2650,2625,2750,2605,780782
2018-03-07,2650,2550,2680,2545,754764
2018-03-08,2610,2585,2630,2555,482246
2018-03-09,2600,2615,2660,2590,502847
2018-03-12,2615,2635,2655,2610,423976
2018-03-13,2675,2615,2675,2610,385791
2018-03-14,2640,2590,2645,2580,317209
2018-03-15,2595,2585,2630,2575,304721
2018-03-16,2580,2590,2605,2550,286346
2018-03-19,2575,2560,2615,2550,333049
2018-03-20,2550,2545,2580,2545,241112
2018-03-21,2555,2495,2560,2430,537897
2018-03-22,2495,2400,2520,2400,513073
2018-03-23,2330,2350,2400,2325,396823
2018-03-26,2280,2410,2550,2280,460782
2018-03-27,2425,2425,2465,2410,251814
2018-03-28,2440,2365,2445,2350,304088
2018-03-29,2360,2395,2435,2350,318232
2018-03-30,2410,2465,2485,2390,300149
2018-04-02,2500,2480,2525,2450,383062
2018-04-03,2440,2430,2475,2410,262406
2018-04-04,2470,2360,2470,2335,393204
2018-04-05,2350,2450,2465,2345,334649
2018-04-06,2480,2515,2725,2430,3260539
2018-04-09,2515,2490,2575,2480,601598
2018-04-10,2500,2460,2510,2450,397533
2018-04-11,2460,2525,2555,2430,551154
2018-04-12,2525,2605,2635,2510,919820
2018-04-13,2640,2580,2640,2560,406950
2018-04-16,2600,2550,2610,2525,327654
2018-04-17,2560,2645,2665,2530,855466
2018-04-18,2685,2600,2685,2565,495663
2018-04-19,2635,2555,2635,2530,344055
2018-04-20,2595,2570,2595,2555,248557
2018-04-23,2595,2510,2645,2490,486849
2018-04-24,2495,2510,2525,2450,322651
2018-04-25,2470,2440,2545,2440,300794
2018-04-26,2455,2495,2495,2450,159677
2018-04-27,2480,2605,2640,2425,750608
2018-04-30,2635,2575,2680,2545,493175
2018-05-02,2635,2610,2675,2560,1012119
2018-05-03,2600,2685,2740,2600,1301898
2018-05-04,2720,2645,2725,2620,598309
2018-05-08,2655,2535,2665,2535,602420
2018-05-09,2555,2530,2580,2410,500711
2018-05-10,2585,2620,2625,2535,307032
2018-05-11,2630,2620,2660,2580,469384
2018-05-14,2605,2550,2605,2530,420699
2018-05-15,2540,2460,2570,2445,645292
2018-05-16,2480,2380,2480,2365,529434
2018-05-17,2425,2315,2440,2300,426615
2018-05-18,2325,2390,2390,2325,204693
2018-05-21,2360,2400,2465,2360,184068
2018-05-23,2390,2400,2420,2385,200439
2018-05-24,2405,2375,2435,2360,204898
2018-05-25,2330,2285,2360,2275,399279
2018-05-28,2290,2320,2355,2280,217468
2018-05-29,2330,2320,2360,2315,194384
2018-05-30,2325,2290,2340,2265,248562
2018-05-31,2320,2265,2320,2265,180373
2018-06-01,2270,2330,2345,2270,198942
2018-06-04,2345,2340,2355,2320,140239
2018-06-05,2340,2350,2370,2320,171453
2018-06-07,2360,2350,2395,2350,197128
2018-06-08,2365,2360,2380,2330,167182
2018-06-11,2360,2365,2425,2355,244124
2018-06-12,2365,2330,2400,2325,273090
2018-06-14,2330,2260,2345,2255,238236
2018-06-15,2275,2210,2295,2200,329711
2018-06-18,2185,2200,2230,2165,263857
2018-06-19,2170,2165,2215,2155,283909
2018-06-20,2135,2210,2225,2135,226725
2018-06-21,2235,2180,2235,2155,124712
2018-06-22,2165,2185,2215,2135,160597
2018-06-25,2160,2195,2205,2155,77186
2018-06-26,2155,2175,2195,2155,91028
2018-06-27,2175,2170,2220,2165,128701
2018-06-28,2160,2140,2185,2140,175399
2018-06-29,2135,2110,2145,2095,230693
2018-07-02,2125,2050,2140,2050,219307
2018-07-03,2025,2080,2140,2025,252566
2018-07-04,2075,2200,2280,2065,305503
2018-07-05,2235,2145,2235,2130,148308
2018-07-06,2180,2190,2200,2105,106818
2018-07-09,2200,2200,2220,2150,63573
2018-07-10,2200,2230,2300,2200,348815
2018-07-11,2225,2250,2295,2225,185265
2018-07-12,2235,2240,2260,2215,93231
2018-07-13,2255,2245,2255,2215,81182
2018-07-16,2245,2250,2255,2210,61882
2018-07-17,2255,2250,2290,2225,142896
2018-07-18,2285,2245,2285,2220,136006
2018-07-19,2245,2250,2280,2205,125991
2018-07-20,2230,2240,2325,2215,229662
2018-07-23,2240,2150,2265,2145,157317
2018-07-24,2150,2175,2215,2130,87323
2018-07-25,2190,2175,2205,2140,95424
2018-07-26,2165,2200,2205,2165,60754
2018-07-27,2260,2230,2260,2200,105795
2018-07-30,2230,2230,2255,2210,152490
2018-07-31,2230,2240,2255,2220,66199
2018-08-01,2250,2280,2280,2225,143253
2018-08-02,2320,2305,2320,2240,153979
2018-08-03,2310,2340,2340,2280,480527
2018-08-06,2335,2290,2345,2275,257630
2018-08-07,2285,2320,2425,2280,831591
2018-08-08,2385,2340,2560,2340,3381112
2018-08-09,2350,2470,2530,2335,1833500
2018-08-10,2445,2360,2445,2350,660123
2018-08-13,2335,2290,2340,2275,314624
2018-08-14,2280,2380,2380,2275,239694
2018-08-16,2380,2360,2410,2280,209338
2018-08-17,2360,2450,2470,2345,399429
2018-08-20,2490,2440,2495,2415,271727
2018-08-21,2485,2430,2485,2400,277059
2018-08-22,2430,2395,2465,2385,227134
2018-08-23,2440,2450,2455,2365,299264
2018-08-24,2450,2480,2485,2400,262707
2018-08-27,2480,2470,2510,2410,247835
2018-08-28,2470,2465,2510,2415,364979
2018-08-29,2450,2445,2480,2390,340625
2018-08-30,2460,2360,2465,2355,404791
2018-08-31,2350,2360,2395,2350,206275
2018-09-03,2350,2330,2395,2330,187246
2018-09-04,2335,2395,2405,2320,246421
2018-09-05,2410,2415,2445,2385,220824
2018-09-06,2410,2435,2475,2410,257223
2018-09-07,2450,2395,2455,2360,237788
2018-09-10,2395,2355,2400,2335,151736
2018-09-11,2355,2360,2380,2335,115876
2018-09-12,2360,2345,2395,2330,141740
2018-09-13,2345,2340,2370,2320,144956
2018-09-14,2350,2335,2370,2320,156851
2018-09-17,2335,2330,2350,2310,104879
2018-09-18,2340,2310,2345,2280,148685
2018-09-19,2350,2315,2370,2295,207210
2018-09-20,2315,2255,2320,2240,254593
2018-09-21,2270,2275,2285,2245,131123
2018-09-27,2290,2255,2295,2245,102445
2018-09-28,2255,2295,2310,2255,104230
2018-10-01,2295,2230,2305,2215,206275
2018-10-02,2230,2170,2235,2170,218967
2018-10-04,2175,2205,2210,2140,172194
2018-10-05,2205,2150,2205,2145,133263
2018-10-08,2145,2140,2170,2120,52994
2018-10-10,2120,2065,2160,2060,220232
2018-10-11,1970,1940,2080,1940,481173
2018-10-12,1825,1970,2005,1825,356230
2018-10-15,1975,1965,2005,1955,162185
2018-10-16,1980,2020,2020,1970,91579
2018-10-17,2015,2100,2100,2005,89042
2018-10-18,2110,2080,2110,2040,125733
2018-10-19,2075,2065,2095,1995,92673
2018-10-22,2065,2065,2090,2010,51582
2018-10-23,2065,1980,2070,1980,130721
2018-10-24,1965,1985,2020,1920,129696
2018-10-25,1910,1880,1980,1830,275334
2018-10-26,1880,1885,1930,1835,247265
2018-10-29,1850,1710,1920,1625,335748
2018-10-30,1470,1655,1745,1470,362352
2018-10-31,1660,1720,1740,1655,113094
2018-11-01,1720,1800,1860,1700,158073
2018-11-02,1800,1895,1920,1800,159069
2018-11-05,1900,1980,2180,1830,2039412
2018-11-06,1980,2100,2125,1980,1056915
2018-11-07,2105,2020,2110,2015,264920
2018-11-08,2025,2080,2105,2025,142941
2018-11-09,2080,2040,2090,2030,123604
2018-11-12,2045,1990,2050,1970,203750
2018-11-13,1960,1985,1995,1910,176402
2018-11-14,1970,1970,1995,1950,109911
2018-11-15,1970,2000,2010,1960,134372
2018-11-16,2010,2005,2025,1990,111861
2018-11-19,2040,2050,2060,1990,119548
2018-11-20,2020,2030,2065,2000,76554
2018-11-21,2010,2025,2045,2005,89822
2018-11-22,2025,2125,2400,2015,3015126
2018-11-23,2085,2080,2160,2080,349145
2018-11-26,2080,2095,2110,2035,154685
2018-11-27,2095,2140,2145,2080,151972
2018-11-28,2155,2105,2155,2090,148843
2018-11-29,2120,2085,2135,2070,118284
2018-11-30,2060,2120,2125,2060,78068
2018-12-03,2105,2120,2145,2105,146600
2018-12-04,2135,2200,2240,2110,524128
2018-12-05,2145,2170,2200,2140,195626
2018-12-06,2170,2150,2185,2135,163828
2018-12-07,2150,2160,2195,2125,70125
2018-12-10,2125,2070,2160,2070,169427
2018-12-11,2055,2015,2280,2000,1185597
2018-12-12,2015,2105,2130,2015,228634
2018-12-13,2125,2125,2150,2090,164299
2018-12-14,2110,2130,2145,2050,155581
2018-12-17,2120,2145,2170,2105,156004
2018-12-18,2140,2140,2185,2120,237234
2018-12-19,2170,2135,2170,2120,171136
2018-12-20,2135,2105,2140,2090,96831
2018-12-21,2105,2120,2150,2080,102813
2018-12-24,2105,2070,2110,2070,142587
2018-12-26,2045,2070,2100,2000,186149
2018-12-27,2100,2065,2115,2060,56564
2018-12-28,2060,2090,2160,2055,168053
2019-01-02,2120,2055,2145,2050,65859
2019-01-03,2065,2010,2080,2005,126317
2019-01-04,1990,2025,2050,1930,125560
2019-01-07,2035,2030,2100,2025,112446
2019-01-08,2035,2055,2070,2015,33826
2019-01-09,2080,2060,2080,2020,97349
2019-01-10,2060,2085,2090,2050,51354
2019-01-11,2095,2085,2100,2060,45507
